Run_ID	MOF	Mass_Uptake	CO2	O2	N2
0	NAYZOE	1.2833739963	0.0	0.0	1.0
1	NAYZOE	1.1944277977	0.0	0.01	0.99
2	NAYZOE	1.2143256278	0.0	0.02	0.98
3	NAYZOE	1.2554549367	0.0	0.03	0.97
4	NAYZOE	1.2800752315	0.0	0.04	0.96
5	NAYZOE	1.2720810731	0.0	0.05	0.95
6	NAYZOE	1.2556988494	0.0	0.06	0.94
7	NAYZOE	1.2602790545	0.0	0.07	0.93
8	NAYZOE	1.2835753687	0.0	0.08	0.92
9	NAYZOE	1.3161177252	0.0	0.09	0.91
10	NAYZOE	1.2583255404	0.0	0.1	0.9
11	NAYZOE	1.2155838643	0.0	0.11	0.89
12	NAYZOE	1.3306732253	0.0	0.12	0.88
13	NAYZOE	1.3363199627	0.0	0.13	0.87
14	NAYZOE	1.3053571014	0.0	0.14	0.86
15	NAYZOE	1.2545511038	0.0	0.15	0.85
16	NAYZOE	1.3424230354	0.0	0.16	0.84
17	NAYZOE	1.3647699394	0.0	0.17	0.83
18	NAYZOE	1.3423451378	0.0	0.18	0.82
19	NAYZOE	1.3121115293	0.0	0.19	0.81
20	NAYZOE	1.3671546514	0.0	0.2	0.8
21	NAYZOE	1.3079058948	0.0	0.21	0.79
22	NAYZOE	1.3893065357	0.0	0.22	0.78
23	NAYZOE	1.2666754844	0.0	0.23	0.77
24	NAYZOE	1.3880217797	0.0	0.24	0.76
25	NAYZOE	1.3184623821	0.0	0.25	0.75
26	NAYZOE	1.3109129572	0.0	0.26	0.74
27	NAYZOE	1.3529137786	0.0	0.27	0.73
28	NAYZOE	1.3172947483	0.0	0.28	0.72
29	NAYZOE	1.3372666087	0.0	0.29	0.71
30	NAYZOE	1.3598259355	0.0	0.3	0.7
31	NAYZOE	1.3251175091	0.01	0.0	0.99
32	NAYZOE	1.3631308	0.01	0.01	0.98
33	NAYZOE	1.3135255358	0.01	0.02	0.97
34	NAYZOE	1.3581822326	0.01	0.03	0.96
35	NAYZOE	1.3402650708	0.01	0.04	0.95
36	NAYZOE	1.388857704	0.01	0.05	0.94
37	NAYZOE	1.3989611949	0.01	0.06	0.93
38	NAYZOE	1.3540281572	0.01	0.07	0.92
39	NAYZOE	1.377645549	0.01	0.08	0.91
40	NAYZOE	1.3391015932	0.01	0.09	0.9
41	NAYZOE	1.4032626217	0.01	0.1	0.89
42	NAYZOE	1.3628596598	0.01	0.11	0.88
43	NAYZOE	1.3392645334	0.01	0.12	0.87
44	NAYZOE	1.3803992946	0.01	0.13	0.86
45	NAYZOE	1.3676729435	0.01	0.14	0.85
46	NAYZOE	1.3981618024	0.01	0.15	0.84
47	NAYZOE	1.3877635956	0.01	0.16	0.83
48	NAYZOE	1.4233030587	0.01	0.17	0.82
49	NAYZOE	1.3855613047	0.01	0.18	0.81
50	NAYZOE	1.3537297768	0.01	0.19	0.8
51	NAYZOE	1.3749578816	0.01	0.2	0.79
52	NAYZOE	1.4359132233	0.01	0.21	0.78
53	NAYZOE	1.4395737801	0.01	0.22	0.77
54	NAYZOE	1.4619364176	0.01	0.23	0.76
55	NAYZOE	1.424850499	0.01	0.24	0.75
56	NAYZOE	1.4360249531	0.01	0.25	0.74
57	NAYZOE	1.4250312259	0.01	0.26	0.73
58	NAYZOE	1.4065269513	0.01	0.27	0.72
59	NAYZOE	1.4920445797	0.01	0.28	0.71
60	NAYZOE	1.4019213447	0.01	0.29	0.7
61	NAYZOE	1.4074355505	0.01	0.3	0.69
62	NAYZOE	1.3799905892	0.02	0.0	0.98
63	NAYZOE	1.4551318691	0.02	0.01	0.97
64	NAYZOE	1.4700245643	0.02	0.02	0.96
65	NAYZOE	1.4801424677	0.02	0.03	0.95
66	NAYZOE	1.453990683	0.02	0.04	0.94
67	NAYZOE	1.3870774925	0.02	0.05	0.93
68	NAYZOE	1.5108173509	0.02	0.06	0.92
69	NAYZOE	1.4539482977	0.02	0.07	0.91
70	NAYZOE	1.460469154	0.02	0.08	0.9
71	NAYZOE	1.5021208651	0.02	0.09	0.89
72	NAYZOE	1.502396882	0.02	0.1	0.88
73	NAYZOE	1.4741739081	0.02	0.11	0.87
74	NAYZOE	1.5315209247	0.02	0.12	0.86
75	NAYZOE	1.5354457276	0.02	0.13	0.85
76	NAYZOE	1.5305206529	0.02	0.14	0.84
77	NAYZOE	1.4806507941	0.02	0.15	0.83
78	NAYZOE	1.5591094412	0.02	0.16	0.82
79	NAYZOE	1.5040560627	0.02	0.17	0.81
80	NAYZOE	1.5109739253	0.02	0.18	0.8
81	NAYZOE	1.5588280811	0.02	0.19	0.79
82	NAYZOE	1.4917961237	0.02	0.2	0.78
83	NAYZOE	1.5346556793	0.02	0.21	0.77
84	NAYZOE	1.4646262064	0.02	0.22	0.76
85	NAYZOE	1.510149372	0.02	0.23	0.75
86	NAYZOE	1.5217202197	0.02	0.24	0.74
87	NAYZOE	1.5258200684	0.02	0.25	0.73
88	NAYZOE	1.518505946	0.02	0.26	0.72
89	NAYZOE	1.5044676493	0.02	0.27	0.71
90	NAYZOE	1.5485081193	0.02	0.28	0.7
91	NAYZOE	1.5471829024	0.02	0.29	0.69
92	NAYZOE	1.5302499552	0.02	0.3	0.68
93	NAYZOE	1.5978072214	0.03	0.0	0.97
94	NAYZOE	1.561841423	0.03	0.01	0.96
95	NAYZOE	1.5965116314	0.03	0.02	0.95
96	NAYZOE	1.620870755	0.03	0.03	0.94
97	NAYZOE	1.6318972085	0.03	0.04	0.93
98	NAYZOE	1.5812526767	0.03	0.05	0.92
99	NAYZOE	1.5704110818	0.03	0.06	0.91
100	NAYZOE	1.5853764266	0.03	0.07	0.9
101	NAYZOE	1.5906228431	0.03	0.08	0.89
102	NAYZOE	1.6342160825	0.03	0.09	0.88
103	NAYZOE	1.5636565926	0.03	0.1	0.87
104	NAYZOE	1.6232898768	0.03	0.11	0.86
105	NAYZOE	1.5682296759	0.03	0.12	0.85
106	NAYZOE	1.6118171142	0.03	0.13	0.84
107	NAYZOE	1.5896477673	0.03	0.14	0.83
108	NAYZOE	1.5564227333	0.03	0.15	0.82
109	NAYZOE	1.6312307806	0.03	0.16	0.81
110	NAYZOE	1.6096639806	0.03	0.17	0.8
111	NAYZOE	1.6329345444	0.03	0.18	0.79
112	NAYZOE	1.600584133	0.03	0.19	0.78
113	NAYZOE	1.6332627086	0.03	0.2	0.77
114	NAYZOE	1.637846228	0.03	0.21	0.76
115	NAYZOE	1.7054721209	0.03	0.22	0.75
116	NAYZOE	1.6258664972	0.03	0.23	0.74
117	NAYZOE	1.6852796348	0.03	0.24	0.73
118	NAYZOE	1.6293028358	0.03	0.25	0.72
119	NAYZOE	1.6245100285	0.03	0.26	0.71
120	NAYZOE	1.556276221	0.03	0.27	0.7
121	NAYZOE	1.6523695288	0.03	0.28	0.69
122	NAYZOE	1.6515551475	0.03	0.29	0.68
123	NAYZOE	1.7008682175	0.03	0.3	0.67
124	NAYZOE	1.6611791704	0.04	0.0	0.96
125	NAYZOE	1.6673161612	0.04	0.01	0.95
126	NAYZOE	1.6826734547	0.04	0.02	0.94
127	NAYZOE	1.5852220332	0.04	0.03	0.93
128	NAYZOE	1.6341422777	0.04	0.04	0.92
129	NAYZOE	1.7505473671	0.04	0.05	0.91
130	NAYZOE	1.7758961221	0.04	0.06	0.9
131	NAYZOE	1.6881690214	0.04	0.07	0.89
132	NAYZOE	1.6760955858	0.04	0.08	0.88
133	NAYZOE	1.700462384	0.04	0.09	0.87
134	NAYZOE	1.7465863425	0.04	0.1	0.86
135	NAYZOE	1.7041657195	0.04	0.11	0.85
136	NAYZOE	1.7555396377	0.04	0.12	0.84
137	NAYZOE	1.7540095638	0.04	0.13	0.83
138	NAYZOE	1.6960922581	0.04	0.14	0.82
139	NAYZOE	1.7024147203	0.04	0.15	0.81
140	NAYZOE	1.8431122888	0.04	0.16	0.8
141	NAYZOE	1.7885890963	0.04	0.17	0.79
142	NAYZOE	1.7400597685	0.04	0.18	0.78
143	NAYZOE	1.7345888342	0.04	0.19	0.77
144	NAYZOE	1.6699675677	0.04	0.2	0.76
145	NAYZOE	1.7452926495	0.04	0.21	0.75
146	NAYZOE	1.7817675788	0.04	0.22	0.74
147	NAYZOE	1.7735819085	0.04	0.23	0.73
148	NAYZOE	1.7616580233	0.04	0.24	0.72
149	NAYZOE	1.7467389052	0.04	0.25	0.71
150	NAYZOE	1.7859895229	0.04	0.26	0.7
151	NAYZOE	1.7524422455	0.04	0.27	0.69
152	NAYZOE	1.7516415334	0.04	0.28	0.68
153	NAYZOE	1.7828533757	0.04	0.29	0.67
154	NAYZOE	1.7640713547	0.04	0.3	0.66
155	NAYZOE	1.8257579788	0.05	0.0	0.95
156	NAYZOE	1.8610170295	0.05	0.01	0.94
157	NAYZOE	1.8710612866	0.05	0.02	0.93
158	NAYZOE	1.7989106045	0.05	0.03	0.92
159	NAYZOE	1.8509989053	0.05	0.04	0.91
160	NAYZOE	1.7970939331	0.05	0.05	0.9
161	NAYZOE	1.6957841138	0.05	0.06	0.89
162	NAYZOE	1.7993354485	0.05	0.07	0.88
163	NAYZOE	1.8370153517	0.05	0.08	0.87
164	NAYZOE	1.7835526969	0.05	0.09	0.86
165	NAYZOE	1.8519016084	0.05	0.1	0.85
166	NAYZOE	1.7972559611	0.05	0.11	0.84
167	NAYZOE	1.8227429044	0.05	0.12	0.83
168	NAYZOE	1.9198284008	0.05	0.13	0.82
169	NAYZOE	1.7576952183	0.05	0.14	0.81
170	NAYZOE	1.8579357684	0.05	0.15	0.8
171	NAYZOE	1.8774189005	0.05	0.16	0.79
172	NAYZOE	1.834876749	0.05	0.17	0.78
173	NAYZOE	1.8502370327	0.05	0.18	0.77
174	NAYZOE	1.8446344086	0.05	0.19	0.76
175	NAYZOE	1.9392752512	0.05	0.2	0.75
176	NAYZOE	1.8037689617	0.05	0.21	0.74
177	NAYZOE	1.855761773	0.05	0.22	0.73
178	NAYZOE	1.8733704299	0.05	0.23	0.72
179	NAYZOE	1.9048946538	0.05	0.24	0.71
180	NAYZOE	1.8961830735	0.05	0.25	0.7
181	NAYZOE	1.8441226455	0.05	0.26	0.69
182	NAYZOE	1.8759285429	0.05	0.27	0.68
183	NAYZOE	1.8492510522	0.05	0.28	0.67
184	NAYZOE	1.8908271235	0.05	0.29	0.66
185	NAYZOE	1.9337403515	0.05	0.3	0.65
186	NAYZOE	1.8653819873	0.06	0.0	0.94
187	NAYZOE	1.8993143912	0.06	0.01	0.93
188	NAYZOE	1.9077714431	0.06	0.02	0.92
189	NAYZOE	1.9261097367	0.06	0.03	0.91
190	NAYZOE	1.9267125722	0.06	0.04	0.9
191	NAYZOE	1.9659045443	0.06	0.05	0.89
192	NAYZOE	1.8981406923	0.06	0.06	0.88
193	NAYZOE	1.9575222448	0.06	0.07	0.87
194	NAYZOE	1.9342769013	0.06	0.08	0.86
195	NAYZOE	1.9074448519	0.06	0.09	0.85
196	NAYZOE	1.9636812722	0.06	0.1	0.84
197	NAYZOE	1.9357857052	0.06	0.11	0.83
198	NAYZOE	1.974173961	0.06	0.12	0.82
199	NAYZOE	1.9474378387	0.06	0.13	0.81
200	NAYZOE	1.9711607369	0.06	0.14	0.8
201	NAYZOE	1.9092530793	0.06	0.15	0.79
202	NAYZOE	1.9742212336	0.06	0.16	0.78
203	NAYZOE	1.9155765736	0.06	0.17	0.77
204	NAYZOE	1.9298579905	0.06	0.18	0.76
205	NAYZOE	1.9232815282	0.06	0.19	0.75
206	NAYZOE	2.0110563207	0.06	0.2	0.74
207	NAYZOE	1.9183483702	0.06	0.21	0.73
208	NAYZOE	1.9257319124	0.06	0.22	0.72
209	NAYZOE	1.9968402966	0.06	0.23	0.71
210	NAYZOE	1.977809668	0.06	0.24	0.7
211	NAYZOE	1.9351706323	0.06	0.25	0.69
212	NAYZOE	1.9660292082	0.06	0.26	0.68
213	NAYZOE	1.9073983724	0.06	0.27	0.67
214	NAYZOE	1.9637553384	0.06	0.28	0.66
215	NAYZOE	2.0440069602	0.06	0.29	0.65
216	NAYZOE	2.024761866	0.06	0.3	0.64
217	NAYZOE	1.9569350932	0.07	0.0	0.93
218	NAYZOE	1.9784907	0.07	0.01	0.92
219	NAYZOE	1.9684210167	0.07	0.02	0.91
220	NAYZOE	1.9499305909	0.07	0.03	0.9
221	NAYZOE	1.978876897	0.07	0.04	0.89
222	NAYZOE	2.0074902592	0.07	0.05	0.88
223	NAYZOE	2.0023114437	0.07	0.06	0.87
224	NAYZOE	2.0452702763	0.07	0.07	0.86
225	NAYZOE	2.0250283337	0.07	0.08	0.85
226	NAYZOE	2.0160430786	0.07	0.09	0.84
227	NAYZOE	2.0574680497	0.07	0.1	0.83
228	NAYZOE	2.0321932544	0.07	0.11	0.82
229	NAYZOE	2.0798965145	0.07	0.12	0.81
230	NAYZOE	2.157491588	0.07	0.13	0.8
231	NAYZOE	2.0554006573	0.07	0.14	0.79
232	NAYZOE	2.1098330295	0.07	0.15	0.78
233	NAYZOE	2.0694921474	0.07	0.16	0.77
234	NAYZOE	2.0569086441	0.07	0.17	0.76
235	NAYZOE	2.0838583687	0.07	0.18	0.75
236	NAYZOE	2.0247479691	0.07	0.19	0.74
237	NAYZOE	2.0262000011	0.07	0.2	0.73
238	NAYZOE	2.1008012225	0.07	0.21	0.72
239	NAYZOE	2.0968630531	0.07	0.22	0.71
240	NAYZOE	2.1141493114	0.07	0.23	0.7
241	NAYZOE	2.1457021208	0.07	0.24	0.69
242	NAYZOE	2.0257047285	0.07	0.25	0.68
243	NAYZOE	2.0843680019	0.07	0.26	0.67
244	NAYZOE	2.0779411639	0.07	0.27	0.66
245	NAYZOE	2.1010099455	0.07	0.28	0.65
246	NAYZOE	2.1050770081	0.07	0.29	0.64
247	NAYZOE	2.1181014728	0.07	0.3	0.63
248	NAYZOE	2.1594818028	0.08	0.0	0.92
249	NAYZOE	2.1494115912	0.08	0.01	0.91
250	NAYZOE	2.0131639785	0.08	0.02	0.9
251	NAYZOE	2.1722473433	0.08	0.03	0.89
252	NAYZOE	2.1470267488	0.08	0.04	0.88
253	NAYZOE	2.1487362889	0.08	0.05	0.87
254	NAYZOE	2.2527572903	0.08	0.06	0.86
255	NAYZOE	2.1935314028	0.08	0.07	0.85
256	NAYZOE	2.1549058616	0.08	0.08	0.84
257	NAYZOE	2.0988607982	0.08	0.09	0.83
258	NAYZOE	2.1290647046	0.08	0.1	0.82
259	NAYZOE	2.0949740787	0.08	0.11	0.81
260	NAYZOE	2.1948862852	0.08	0.12	0.8
261	NAYZOE	2.160525852	0.08	0.13	0.79
262	NAYZOE	2.263853546	0.08	0.14	0.78
263	NAYZOE	2.2427765909	0.08	0.15	0.77
264	NAYZOE	2.1614346554	0.08	0.16	0.76
265	NAYZOE	2.1853859879	0.08	0.17	0.75
266	NAYZOE	2.1631581644	0.08	0.18	0.74
267	NAYZOE	2.2120491505	0.08	0.19	0.73
268	NAYZOE	2.1606153994	0.08	0.2	0.72
269	NAYZOE	2.1924170808	0.08	0.21	0.71
270	NAYZOE	2.2212747151	0.08	0.22	0.7
271	NAYZOE	2.1876628359	0.08	0.23	0.69
272	NAYZOE	2.1422005031	0.08	0.24	0.68
273	NAYZOE	2.2193178622	0.08	0.25	0.67
274	NAYZOE	2.2092661346	0.08	0.26	0.66
275	NAYZOE	2.1380595547	0.08	0.27	0.65
276	NAYZOE	2.2173079142	0.08	0.28	0.64
277	NAYZOE	2.2556217065	0.08	0.29	0.63
278	NAYZOE	2.217950753	0.08	0.3	0.62
279	NAYZOE	2.2422310288	0.09	0.0	0.91
280	NAYZOE	2.2484200824	0.09	0.01	0.9
281	NAYZOE	2.2266548037	0.09	0.02	0.89
282	NAYZOE	2.1986825755	0.09	0.03	0.88
283	NAYZOE	2.2813441311	0.09	0.04	0.87
284	NAYZOE	2.2064708095	0.09	0.05	0.86
285	NAYZOE	2.3223341953	0.09	0.06	0.85
286	NAYZOE	2.2384669825	0.09	0.07	0.84
287	NAYZOE	2.2320046273	0.09	0.08	0.83
288	NAYZOE	2.2377971676	0.09	0.09	0.82
289	NAYZOE	2.2928406983	0.09	0.1	0.81
290	NAYZOE	2.2988838645	0.09	0.11	0.8
291	NAYZOE	2.227400595	0.09	0.12	0.79
292	NAYZOE	2.2556470955	0.09	0.13	0.78
293	NAYZOE	2.2814834483	0.09	0.14	0.77
294	NAYZOE	2.3249799327	0.09	0.15	0.76
295	NAYZOE	2.2866055013	0.09	0.16	0.75
296	NAYZOE	2.2449956211	0.09	0.17	0.74
297	NAYZOE	2.2994137358	0.09	0.18	0.73
298	NAYZOE	2.2834576324	0.09	0.19	0.72
299	NAYZOE	2.2601930232	0.09	0.2	0.71
300	NAYZOE	2.2187998662	0.09	0.21	0.7
301	NAYZOE	2.2569315753	0.09	0.22	0.69
302	NAYZOE	2.3625314944	0.09	0.23	0.68
303	NAYZOE	2.2882682499	0.09	0.24	0.67
304	NAYZOE	2.2786872948	0.09	0.25	0.66
305	NAYZOE	2.3536526366	0.09	0.26	0.65
306	NAYZOE	2.2816536675	0.09	0.27	0.64
307	NAYZOE	2.2596180285	0.09	0.28	0.63
308	NAYZOE	2.3204416205	0.09	0.29	0.62
309	NAYZOE	2.3034559731	0.09	0.3	0.61
310	NAYZOE	2.3910237221	0.1	0.0	0.9
311	NAYZOE	2.4140326815	0.1	0.01	0.89
312	NAYZOE	2.3142800565	0.1	0.02	0.88
313	NAYZOE	2.276073116	0.1	0.03	0.87
314	NAYZOE	2.3579359285	0.1	0.04	0.86
315	NAYZOE	2.3485325413	0.1	0.05	0.85
316	NAYZOE	2.3473872344	0.1	0.06	0.84
317	NAYZOE	2.3440653517	0.1	0.07	0.83
318	NAYZOE	2.3582999784	0.1	0.08	0.82
319	NAYZOE	2.3259384335	0.1	0.09	0.81
320	NAYZOE	2.3550177993	0.1	0.1	0.8
321	NAYZOE	2.336561516	0.1	0.11	0.79
322	NAYZOE	2.3798796999	0.1	0.12	0.78
323	NAYZOE	2.3672288443	0.1	0.13	0.77
324	NAYZOE	2.3830741088	0.1	0.14	0.76
325	NAYZOE	2.426729921	0.1	0.15	0.75
326	NAYZOE	2.3367440109	0.1	0.16	0.74
327	NAYZOE	2.3881766209	0.1	0.17	0.73
328	NAYZOE	2.3400617623	0.1	0.18	0.72
329	NAYZOE	2.3800495716	0.1	0.19	0.71
330	NAYZOE	2.4527723413	0.1	0.2	0.7
331	NAYZOE	2.3121475069	0.1	0.21	0.69
332	NAYZOE	2.3938756992	0.1	0.22	0.68
333	NAYZOE	2.5130416066	0.1	0.23	0.67
334	NAYZOE	2.3658265455	0.1	0.24	0.66
335	NAYZOE	2.4286661399	0.1	0.25	0.65
336	NAYZOE	2.3680103169	0.1	0.26	0.64
337	NAYZOE	2.4700341841	0.1	0.27	0.63
338	NAYZOE	2.4387631218	0.1	0.28	0.62
339	NAYZOE	2.4588438521	0.1	0.29	0.61
340	NAYZOE	2.4020780277	0.1	0.3	0.6
341	NAYZOE	2.4491718593	0.11	0.0	0.89
342	NAYZOE	2.5453737237	0.11	0.01	0.88
343	NAYZOE	2.4430216218	0.11	0.02	0.87
344	NAYZOE	2.466712984	0.11	0.03	0.86
345	NAYZOE	2.5439813233	0.11	0.04	0.85
346	NAYZOE	2.4384007502	0.11	0.05	0.84
347	NAYZOE	2.556014392	0.11	0.06	0.83
348	NAYZOE	2.4423381164	0.11	0.07	0.82
349	NAYZOE	2.4627673688	0.11	0.08	0.81
350	NAYZOE	2.3698931375	0.11	0.09	0.8
351	NAYZOE	2.4544767758	0.11	0.1	0.79
352	NAYZOE	2.4845366932	0.11	0.11	0.78
353	NAYZOE	2.5485771406	0.11	0.12	0.77
354	NAYZOE	2.5227393472	0.11	0.13	0.76
355	NAYZOE	2.4573784024	0.11	0.14	0.75
356	NAYZOE	2.5138138296	0.11	0.15	0.74
357	NAYZOE	2.5263818638	0.11	0.16	0.73
358	NAYZOE	2.4593789495	0.11	0.17	0.72
359	NAYZOE	2.4767794102	0.11	0.18	0.71
360	NAYZOE	2.5363974754	0.11	0.19	0.7
361	NAYZOE	2.5253430739	0.11	0.2	0.69
362	NAYZOE	2.5397207175	0.11	0.21	0.68
363	NAYZOE	2.5053659057	0.11	0.22	0.67
364	NAYZOE	2.5122848249	0.11	0.23	0.66
365	NAYZOE	2.4291524016	0.11	0.24	0.65
366	NAYZOE	2.5148208766	0.11	0.25	0.64
367	NAYZOE	2.534365789	0.11	0.26	0.63
368	NAYZOE	2.5908431423	0.11	0.27	0.62
369	NAYZOE	2.506862928	0.11	0.28	0.61
370	NAYZOE	2.5511073182	0.11	0.29	0.6
371	NAYZOE	2.4526782758	0.11	0.3	0.59
372	NAYZOE	2.6155071531	0.12	0.0	0.88
373	NAYZOE	2.4008896142	0.12	0.01	0.87
374	NAYZOE	2.6049130142	0.12	0.02	0.86
375	NAYZOE	2.481584071	0.12	0.03	0.85
376	NAYZOE	2.5853567888	0.12	0.04	0.84
377	NAYZOE	2.4737811251	0.12	0.05	0.83
378	NAYZOE	2.5658261186	0.12	0.06	0.82
379	NAYZOE	2.534522026	0.12	0.07	0.81
380	NAYZOE	2.6257129345	0.12	0.08	0.8
381	NAYZOE	2.5375811173	0.12	0.09	0.79
382	NAYZOE	2.6477822966	0.12	0.1	0.78
383	NAYZOE	2.6664630824	0.12	0.11	0.77
384	NAYZOE	2.655228218	0.12	0.12	0.76
385	NAYZOE	2.6491558182	0.12	0.13	0.75
386	NAYZOE	2.6590093805	0.12	0.14	0.74
387	NAYZOE	2.5999073037	0.12	0.15	0.73
388	NAYZOE	2.5554404984	0.12	0.16	0.72
389	NAYZOE	2.6893200435	0.12	0.17	0.71
390	NAYZOE	2.6099379653	0.12	0.18	0.7
391	NAYZOE	2.5546184071	0.12	0.19	0.69
392	NAYZOE	2.5623991461	0.12	0.2	0.68
393	NAYZOE	2.566605971	0.12	0.21	0.67
394	NAYZOE	2.6417239134	0.12	0.22	0.66
395	NAYZOE	2.6224620892	0.12	0.23	0.65
396	NAYZOE	2.6872154433	0.12	0.24	0.64
397	NAYZOE	2.6742409281	0.12	0.25	0.63
398	NAYZOE	2.7180082166	0.12	0.26	0.62
399	NAYZOE	2.616464033	0.12	0.27	0.61
400	NAYZOE	2.6563102907	0.12	0.28	0.6
401	NAYZOE	2.6816050847	0.12	0.29	0.59
402	NAYZOE	2.6318835153	0.12	0.3	0.58
403	NAYZOE	2.6405188436	0.13	0.0	0.87
404	NAYZOE	2.6769034316	0.13	0.01	0.86
405	NAYZOE	2.6238748006	0.13	0.02	0.85
406	NAYZOE	2.5335071386	0.13	0.03	0.84
407	NAYZOE	2.6527318467	0.13	0.04	0.83
408	NAYZOE	2.7318448994	0.13	0.05	0.82
409	NAYZOE	2.6621037672	0.13	0.06	0.81
410	NAYZOE	2.5663216294	0.13	0.07	0.8
411	NAYZOE	2.6383334752	0.13	0.08	0.79
412	NAYZOE	2.7259541282	0.13	0.09	0.78
413	NAYZOE	2.6405732719	0.13	0.1	0.77
414	NAYZOE	2.6567368881	0.13	0.11	0.76
415	NAYZOE	2.7581439755	0.13	0.12	0.75
416	NAYZOE	2.7164217421	0.13	0.13	0.74
417	NAYZOE	2.7197471328	0.13	0.14	0.73
418	NAYZOE	2.7264770973	0.13	0.15	0.72
419	NAYZOE	2.7049413646	0.13	0.16	0.71
420	NAYZOE	2.7075927493	0.13	0.17	0.7
421	NAYZOE	2.6439254822	0.13	0.18	0.69
422	NAYZOE	2.657898325	0.13	0.19	0.68
423	NAYZOE	2.7176284547	0.13	0.2	0.67
424	NAYZOE	2.7959358819	0.13	0.21	0.66
425	NAYZOE	2.756411688	0.13	0.22	0.65
426	NAYZOE	2.7451666025	0.13	0.23	0.64
427	NAYZOE	2.7635155258	0.13	0.24	0.63
428	NAYZOE	2.7748755956	0.13	0.25	0.62
429	NAYZOE	2.6886526894	0.13	0.26	0.61
430	NAYZOE	2.7546468892	0.13	0.27	0.6
431	NAYZOE	2.7575245561	0.13	0.28	0.59
432	NAYZOE	2.7984251069	0.13	0.29	0.58
433	NAYZOE	2.7324646548	0.13	0.3	0.57
434	NAYZOE	2.7919368085	0.14	0.0	0.86
435	NAYZOE	2.7892145177	0.14	0.01	0.85
436	NAYZOE	2.8333381226	0.14	0.02	0.84
437	NAYZOE	2.7790282298	0.14	0.03	0.83
438	NAYZOE	2.7869969619	0.14	0.04	0.82
439	NAYZOE	2.7646928257	0.14	0.05	0.81
440	NAYZOE	2.7986227677	0.14	0.06	0.8
441	NAYZOE	2.8798055196	0.14	0.07	0.79
442	NAYZOE	2.8545674378	0.14	0.08	0.78
443	NAYZOE	2.9354276115	0.14	0.09	0.77
444	NAYZOE	2.7791756058	0.14	0.1	0.76
445	NAYZOE	2.7892143014	0.14	0.11	0.75
446	NAYZOE	2.8417654712	0.14	0.12	0.74
447	NAYZOE	2.7904569855	0.14	0.13	0.73
448	NAYZOE	2.8618747165	0.14	0.14	0.72
449	NAYZOE	2.8567906626	0.14	0.15	0.71
450	NAYZOE	2.8327139943	0.14	0.16	0.7
451	NAYZOE	2.7913486855	0.14	0.17	0.69
452	NAYZOE	2.843467326	0.14	0.18	0.68
453	NAYZOE	2.9393701539	0.14	0.19	0.67
454	NAYZOE	2.8302689658	0.14	0.2	0.66
455	NAYZOE	2.8485104844	0.14	0.21	0.65
456	NAYZOE	2.8564799491	0.14	0.22	0.64
457	NAYZOE	2.830980756	0.14	0.23	0.63
458	NAYZOE	2.8987233731	0.14	0.24	0.62
459	NAYZOE	2.886464371	0.14	0.25	0.61
460	NAYZOE	2.7695585476	0.14	0.26	0.6
461	NAYZOE	2.8615710037	0.14	0.27	0.59
462	NAYZOE	2.9032945228	0.14	0.28	0.58
463	NAYZOE	2.8632999542	0.14	0.29	0.57
464	NAYZOE	2.9122653793	0.14	0.3	0.56
465	NAYZOE	2.8097557501	0.15	0.0	0.85
466	NAYZOE	2.9383976944	0.15	0.01	0.84
467	NAYZOE	2.9234089416	0.15	0.02	0.83
468	NAYZOE	2.819596749	0.15	0.03	0.82
469	NAYZOE	2.9272593056	0.15	0.04	0.81
470	NAYZOE	2.8937912005	0.15	0.05	0.8
471	NAYZOE	2.9907886134	0.15	0.06	0.79
472	NAYZOE	2.8723327421	0.15	0.07	0.78
473	NAYZOE	2.9225085933	0.15	0.08	0.77
474	NAYZOE	2.8696744293	0.15	0.09	0.76
475	NAYZOE	2.9453659491	0.15	0.1	0.75
476	NAYZOE	3.0405936404	0.15	0.11	0.74
477	NAYZOE	2.8220753687	0.15	0.12	0.73
478	NAYZOE	2.892963955	0.15	0.13	0.72
479	NAYZOE	2.9587199833	0.15	0.14	0.71
480	NAYZOE	2.9744177155	0.15	0.15	0.7
481	NAYZOE	2.9712319429	0.15	0.16	0.69
482	NAYZOE	2.917903334	0.15	0.17	0.68
483	NAYZOE	2.9582305962	0.15	0.18	0.67
484	NAYZOE	2.895131176	0.15	0.19	0.66
485	NAYZOE	2.8553506996	0.15	0.2	0.65
486	NAYZOE	2.9036007561	0.15	0.21	0.64
487	NAYZOE	2.9844932829	0.15	0.22	0.63
488	NAYZOE	3.0109042946	0.15	0.23	0.62
489	NAYZOE	2.9775624025	0.15	0.24	0.61
490	NAYZOE	3.0003042455	0.15	0.25	0.6
491	NAYZOE	3.038889335	0.15	0.26	0.59
492	NAYZOE	2.976807364	0.15	0.27	0.58
493	NAYZOE	2.8765883621	0.15	0.28	0.57
494	NAYZOE	2.9041213077	0.15	0.29	0.56
495	NAYZOE	3.0402583658	0.15	0.3	0.55
496	NAYZOE	3.0073817208	0.16	0.0	0.84
497	NAYZOE	3.0644231782	0.16	0.01	0.83
498	NAYZOE	3.0793857721	0.16	0.02	0.82
499	NAYZOE	3.0152364793	0.16	0.03	0.81
500	NAYZOE	2.9279088222	0.16	0.04	0.8
501	NAYZOE	3.049595816	0.16	0.05	0.79
502	NAYZOE	2.994120742	0.16	0.06	0.78
503	NAYZOE	3.0336272934	0.16	0.07	0.77
504	NAYZOE	2.9664633819	0.16	0.08	0.76
505	NAYZOE	3.0094504713	0.16	0.09	0.75
506	NAYZOE	2.9852137425	0.16	0.1	0.74
507	NAYZOE	3.2493342678	0.16	0.11	0.73
508	NAYZOE	3.0733702873	0.16	0.12	0.72
509	NAYZOE	3.0579403089	0.16	0.13	0.71
510	NAYZOE	3.1348048687	0.16	0.14	0.7
511	NAYZOE	2.9986300254	0.16	0.15	0.69
512	NAYZOE	3.1219316333	0.16	0.16	0.68
513	NAYZOE	3.1402045926	0.16	0.17	0.67
514	NAYZOE	3.0960404914	0.16	0.18	0.66
515	NAYZOE	3.1762768236	0.16	0.19	0.65
516	NAYZOE	3.1463278789	0.16	0.2	0.64
517	NAYZOE	3.0819070739	0.16	0.21	0.63
518	NAYZOE	3.0844345984	0.16	0.22	0.62
519	NAYZOE	3.2123982116	0.16	0.23	0.61
520	NAYZOE	3.0830965787	0.16	0.24	0.6
521	NAYZOE	3.1198143253	0.16	0.25	0.59
522	NAYZOE	3.0268998021	0.16	0.26	0.58
523	NAYZOE	3.1138024941	0.16	0.27	0.57
524	NAYZOE	3.1866666958	0.16	0.28	0.56
525	NAYZOE	3.0422628506	0.16	0.29	0.55
526	NAYZOE	3.0109287226	0.16	0.3	0.54
527	NAYZOE	3.201674626	0.17	0.0	0.83
528	NAYZOE	3.0576815272	0.17	0.01	0.82
529	NAYZOE	3.1562273784	0.17	0.02	0.81
530	NAYZOE	3.0685029685	0.17	0.03	0.8
531	NAYZOE	2.9971652623	0.17	0.04	0.79
532	NAYZOE	3.3238208748	0.17	0.05	0.78
533	NAYZOE	3.1573965007	0.17	0.06	0.77
534	NAYZOE	3.1109876987	0.17	0.07	0.76
535	NAYZOE	3.0286095106	0.17	0.08	0.75
536	NAYZOE	3.0985407033	0.17	0.09	0.74
537	NAYZOE	3.2363431283	0.17	0.1	0.73
538	NAYZOE	3.1847894936	0.17	0.11	0.72
539	NAYZOE	3.0876827024	0.17	0.12	0.71
540	NAYZOE	3.219020335	0.17	0.13	0.7
541	NAYZOE	3.1036343044	0.17	0.14	0.69
542	NAYZOE	3.2127109785	0.17	0.15	0.68
543	NAYZOE	3.1734353678	0.17	0.16	0.67
544	NAYZOE	3.2363018137	0.17	0.17	0.66
545	NAYZOE	3.1150517591	0.17	0.18	0.65
546	NAYZOE	3.1731189837	0.17	0.19	0.64
547	NAYZOE	3.0363259002	0.17	0.2	0.63
548	NAYZOE	3.1153652465	0.17	0.21	0.62
549	NAYZOE	3.2969391512	0.17	0.22	0.61
550	NAYZOE	3.1377799361	0.17	0.23	0.6
551	NAYZOE	3.2284687957	0.17	0.24	0.59
552	NAYZOE	3.1401673849	0.17	0.25	0.58
553	NAYZOE	3.2395865518	0.17	0.26	0.57
554	NAYZOE	3.2048258824	0.17	0.27	0.56
555	NAYZOE	3.2192600936	0.17	0.28	0.55
556	NAYZOE	3.1710845712	0.17	0.29	0.54
557	NAYZOE	3.2155033945	0.17	0.3	0.53
558	NAYZOE	3.1962012051	0.18	0.0	0.82
559	NAYZOE	3.272058706	0.18	0.01	0.81
560	NAYZOE	3.17882618	0.18	0.02	0.8
561	NAYZOE	3.2261111035	0.18	0.03	0.79
562	NAYZOE	3.2295264516	0.18	0.04	0.78
563	NAYZOE	3.2161916081	0.18	0.05	0.77
564	NAYZOE	3.1783316647	0.18	0.06	0.76
565	NAYZOE	3.2856489782	0.18	0.07	0.75
566	NAYZOE	3.1440434373	0.18	0.08	0.74
567	NAYZOE	3.2654787837	0.18	0.09	0.73
568	NAYZOE	3.2904784038	0.18	0.1	0.72
569	NAYZOE	3.2622061179	0.18	0.11	0.71
570	NAYZOE	3.2777165895	0.18	0.12	0.7
571	NAYZOE	3.3223480151	0.18	0.13	0.69
572	NAYZOE	3.3077582622	0.18	0.14	0.68
573	NAYZOE	3.254338919	0.18	0.15	0.67
574	NAYZOE	3.2315035047	0.18	0.16	0.66
575	NAYZOE	3.2399409421	0.18	0.17	0.65
576	NAYZOE	3.233015563	0.18	0.18	0.64
577	NAYZOE	3.2125699644	0.18	0.19	0.63
578	NAYZOE	3.3122617954	0.18	0.2	0.62
579	NAYZOE	3.2702501891	0.18	0.21	0.61
580	NAYZOE	3.3190842836	0.18	0.22	0.6
581	NAYZOE	3.3730008472	0.18	0.23	0.59
582	NAYZOE	3.2226021159	0.18	0.24	0.58
583	NAYZOE	3.2925904997	0.18	0.25	0.57
584	NAYZOE	3.2460174859	0.18	0.26	0.56
585	NAYZOE	3.2985843539	0.18	0.27	0.55
586	NAYZOE	3.280320424	0.18	0.28	0.54
587	NAYZOE	3.3295019347	0.18	0.29	0.53
588	NAYZOE	3.3076593113	0.18	0.3	0.52
589	NAYZOE	3.3191056024	0.19	0.0	0.81
590	NAYZOE	3.2556759293	0.19	0.01	0.8
591	NAYZOE	3.335007903	0.19	0.02	0.79
592	NAYZOE	3.2595224859	0.19	0.03	0.78
593	NAYZOE	3.3615765682	0.19	0.04	0.77
594	NAYZOE	3.3530506635	0.19	0.05	0.76
595	NAYZOE	3.3985109075	0.19	0.06	0.75
596	NAYZOE	3.3853160063	0.19	0.07	0.74
597	NAYZOE	3.3340905111	0.19	0.08	0.73
598	NAYZOE	3.3962401126	0.19	0.09	0.72
599	NAYZOE	3.4565044154	0.19	0.1	0.71
600	NAYZOE	3.4372072232	0.19	0.11	0.7
601	NAYZOE	3.2855857067	0.19	0.12	0.69
602	NAYZOE	3.4902948484	0.19	0.13	0.68
603	NAYZOE	3.3579379562	0.19	0.14	0.67
604	NAYZOE	3.2377566915	0.19	0.15	0.66
605	NAYZOE	3.3688120484	0.19	0.16	0.65
606	NAYZOE	3.3276473609	0.19	0.17	0.64
607	NAYZOE	3.3976259673	0.19	0.18	0.63
608	NAYZOE	3.4150143976	0.19	0.19	0.62
609	NAYZOE	3.4577627611	0.19	0.2	0.61
610	NAYZOE	3.4229016291	0.19	0.21	0.6
611	NAYZOE	3.4866326946	0.19	0.22	0.59
612	NAYZOE	3.3615174548	0.19	0.23	0.58
613	NAYZOE	3.377016455	0.19	0.24	0.57
614	NAYZOE	3.4259423806	0.19	0.25	0.56
615	NAYZOE	3.5015850074	0.19	0.26	0.55
616	NAYZOE	3.3916567842	0.19	0.27	0.54
617	NAYZOE	3.5123538716	0.19	0.28	0.53
618	NAYZOE	3.3328036639	0.19	0.29	0.52
619	NAYZOE	3.3605432805	0.19	0.3	0.51
620	NAYZOE	3.5360221718	0.2	0.0	0.8
621	NAYZOE	3.4369246848	0.2	0.01	0.79
622	NAYZOE	3.4189323269	0.2	0.02	0.78
623	NAYZOE	3.4868201834	0.2	0.03	0.77
624	NAYZOE	3.4649271774	0.2	0.04	0.76
625	NAYZOE	3.3385538688	0.2	0.05	0.75
626	NAYZOE	3.4924505746	0.2	0.06	0.74
627	NAYZOE	3.4008793087	0.2	0.07	0.73
628	NAYZOE	3.5001534757	0.2	0.08	0.72
629	NAYZOE	3.4018052155	0.2	0.09	0.71
630	NAYZOE	3.518979441	0.2	0.1	0.7
631	NAYZOE	3.4961145642	0.2	0.11	0.69
632	NAYZOE	3.3413732268	0.2	0.12	0.68
633	NAYZOE	3.5028432679	0.2	0.13	0.67
634	NAYZOE	3.4619674201	0.2	0.14	0.66
635	NAYZOE	3.4392904322	0.2	0.15	0.65
636	NAYZOE	3.4947821305	0.2	0.16	0.64
637	NAYZOE	3.5192642125	0.2	0.17	0.63
638	NAYZOE	3.550131076	0.2	0.18	0.62
639	NAYZOE	3.455720721	0.2	0.19	0.61
640	NAYZOE	3.4896421956	0.2	0.2	0.6
641	NAYZOE	3.5453910042	0.2	0.21	0.59
642	NAYZOE	3.6610280938	0.2	0.22	0.58
643	NAYZOE	3.4478431565	0.2	0.23	0.57
644	NAYZOE	3.5609509922	0.2	0.24	0.56
645	NAYZOE	3.6125002452	0.2	0.25	0.55
646	NAYZOE	3.6331906442	0.2	0.26	0.54
647	NAYZOE	3.612367534	0.2	0.27	0.53
648	NAYZOE	3.6791522246	0.2	0.28	0.52
649	NAYZOE	3.421037025	0.2	0.29	0.51
650	NAYZOE	3.5435313134	0.2	0.3	0.5
651	NAYZOE	3.5703461158	0.21	0.0	0.79
652	NAYZOE	3.5693400783	0.21	0.01	0.78
653	NAYZOE	3.4480111398	0.21	0.02	0.77
654	NAYZOE	3.6257429328	0.21	0.03	0.76
655	NAYZOE	3.4342888279	0.21	0.04	0.75
656	NAYZOE	3.4976993087	0.21	0.05	0.74
657	NAYZOE	3.5933821099	0.21	0.06	0.73
658	NAYZOE	3.5334804975	0.21	0.07	0.72
659	NAYZOE	3.5276912011	0.21	0.08	0.71
660	NAYZOE	3.5612913339	0.21	0.09	0.7
661	NAYZOE	3.5068993028	0.21	0.1	0.69
662	NAYZOE	3.6195712348	0.21	0.11	0.68
663	NAYZOE	3.593426128	0.21	0.12	0.67
664	NAYZOE	3.6694525005	0.21	0.13	0.66
665	NAYZOE	3.6719760133	0.21	0.14	0.65
666	NAYZOE	3.5237081245	0.21	0.15	0.64
667	NAYZOE	3.6255232319	0.21	0.16	0.63
668	NAYZOE	3.635442044	0.21	0.17	0.62
669	NAYZOE	3.5812492734	0.21	0.18	0.61
670	NAYZOE	3.6191121966	0.21	0.19	0.6
671	NAYZOE	3.513196726	0.21	0.2	0.59
672	NAYZOE	3.4452939287	0.21	0.21	0.58
673	NAYZOE	3.5596230598	0.21	0.22	0.57
674	NAYZOE	3.6554849431	0.21	0.23	0.56
675	NAYZOE	3.6232905451	0.21	0.24	0.55
676	NAYZOE	3.6103719002	0.21	0.25	0.54
677	NAYZOE	3.6345715164	0.21	0.26	0.53
678	NAYZOE	3.6461482848	0.21	0.27	0.52
679	NAYZOE	3.6577337985	0.21	0.28	0.51
680	NAYZOE	3.6364853958	0.21	0.29	0.5
681	NAYZOE	3.7952558355	0.21	0.3	0.49
682	NAYZOE	3.77313789	0.22	0.0	0.78
683	NAYZOE	3.6040537732	0.22	0.01	0.77
684	NAYZOE	3.6555519109	0.22	0.02	0.76
685	NAYZOE	3.5982575944	0.22	0.03	0.75
686	NAYZOE	3.7082306636	0.22	0.04	0.74
687	NAYZOE	3.6064124706	0.22	0.05	0.73
688	NAYZOE	3.8314538808	0.22	0.06	0.72
689	NAYZOE	3.6988857177	0.22	0.07	0.71
690	NAYZOE	3.7568425474	0.22	0.08	0.7
691	NAYZOE	3.626485431	0.22	0.09	0.69
692	NAYZOE	3.6017407619	0.22	0.1	0.68
693	NAYZOE	3.5881412394	0.22	0.11	0.67
694	NAYZOE	3.7757765795	0.22	0.12	0.66
695	NAYZOE	3.7248146928	0.22	0.13	0.65
696	NAYZOE	3.6619385788	0.22	0.14	0.64
697	NAYZOE	3.6446272781	0.22	0.15	0.63
698	NAYZOE	3.7167449192	0.22	0.16	0.62
699	NAYZOE	3.7196180707	0.22	0.17	0.61
700	NAYZOE	3.6819230963	0.22	0.18	0.6
701	NAYZOE	3.7285671147	0.22	0.19	0.59
702	NAYZOE	3.7247671933	0.22	0.2	0.58
703	NAYZOE	3.6672090994	0.22	0.21	0.57
704	NAYZOE	3.8073726944	0.22	0.22	0.56
705	NAYZOE	3.6190650317	0.22	0.23	0.55
706	NAYZOE	3.7829953202	0.22	0.24	0.54
707	NAYZOE	3.7829570066	0.22	0.25	0.53
708	NAYZOE	3.6975816272	0.22	0.26	0.52
709	NAYZOE	3.8345670046	0.22	0.27	0.51
710	NAYZOE	3.8066878684	0.22	0.28	0.5
711	NAYZOE	3.6576888176	0.22	0.29	0.49
712	NAYZOE	3.7269491495	0.22	0.3	0.48
713	NAYZOE	3.7140212562	0.23	0.0	0.77
714	NAYZOE	3.7977341145	0.23	0.01	0.76
715	NAYZOE	3.6867450754	0.23	0.02	0.75
716	NAYZOE	3.7763049389	0.23	0.03	0.74
717	NAYZOE	3.8072361047	0.23	0.04	0.73
718	NAYZOE	3.7967191905	0.23	0.05	0.72
719	NAYZOE	3.8223880972	0.23	0.06	0.71
720	NAYZOE	3.6652587533	0.23	0.07	0.7
721	NAYZOE	3.9181085485	0.23	0.08	0.69
722	NAYZOE	3.6923633258	0.23	0.09	0.68
723	NAYZOE	3.8063258347	0.23	0.1	0.67
724	NAYZOE	3.7635356636	0.23	0.11	0.66
725	NAYZOE	3.7701231641	0.23	0.12	0.65
726	NAYZOE	3.8927427532	0.23	0.13	0.64
727	NAYZOE	3.7359501606	0.23	0.14	0.63
728	NAYZOE	3.7399716339	0.23	0.15	0.62
729	NAYZOE	3.7821510446	0.23	0.16	0.61
730	NAYZOE	3.8209940861	0.23	0.17	0.6
731	NAYZOE	3.8688276445	0.23	0.18	0.59
732	NAYZOE	3.889711429	0.23	0.19	0.58
733	NAYZOE	3.8968584338	0.23	0.2	0.57
734	NAYZOE	3.8039375814	0.23	0.21	0.56
735	NAYZOE	3.900829259	0.23	0.22	0.55
736	NAYZOE	3.874902336	0.23	0.23	0.54
737	NAYZOE	4.038803979	0.23	0.24	0.53
738	NAYZOE	3.828726304	0.23	0.25	0.52
739	NAYZOE	3.7740893529	0.23	0.26	0.51
740	NAYZOE	3.8900000327	0.23	0.27	0.5
741	NAYZOE	3.870951508	0.23	0.28	0.49
742	NAYZOE	3.8316310054	0.23	0.29	0.48
743	NAYZOE	3.8361464152	0.23	0.3	0.47
744	NAYZOE	3.9216412104	0.24	0.0	0.76
745	NAYZOE	3.8408036662	0.24	0.01	0.75
746	NAYZOE	3.8544828602	0.24	0.02	0.74
747	NAYZOE	3.8529586963	0.24	0.03	0.73
748	NAYZOE	3.8883359612	0.24	0.04	0.72
749	NAYZOE	3.9640582643	0.24	0.05	0.71
750	NAYZOE	3.888318414	0.24	0.06	0.7
751	NAYZOE	3.7039421229	0.24	0.07	0.69
752	NAYZOE	3.8830659815	0.24	0.08	0.68
753	NAYZOE	3.8473156207	0.24	0.09	0.67
754	NAYZOE	3.8672851036	0.24	0.1	0.66
755	NAYZOE	3.9676843042	0.24	0.11	0.65
756	NAYZOE	3.8905576364	0.24	0.12	0.64
757	NAYZOE	3.9711945535	0.24	0.13	0.63
758	NAYZOE	3.8088288945	0.24	0.14	0.62
759	NAYZOE	3.9219332467	0.24	0.15	0.61
760	NAYZOE	4.0134799036	0.24	0.16	0.6
761	NAYZOE	3.9028277354	0.24	0.17	0.59
762	NAYZOE	3.9289169014	0.24	0.18	0.58
763	NAYZOE	3.8654038293	0.24	0.19	0.57
764	NAYZOE	3.8141045434	0.24	0.2	0.56
765	NAYZOE	3.9794479973	0.24	0.21	0.55
766	NAYZOE	3.8231438196	0.24	0.22	0.54
767	NAYZOE	3.8402372205	0.24	0.23	0.53
768	NAYZOE	3.9021853638	0.24	0.24	0.52
769	NAYZOE	3.8420813104	0.24	0.25	0.51
770	NAYZOE	3.9307839648	0.24	0.26	0.5
771	NAYZOE	4.0186012471	0.24	0.27	0.49
772	NAYZOE	3.9953194793	0.24	0.28	0.48
773	NAYZOE	4.0089404257	0.24	0.29	0.47
774	NAYZOE	3.9269654042	0.24	0.3	0.46
775	NAYZOE	4.0971701351	0.25	0.0	0.75
776	NAYZOE	3.8822308703	0.25	0.01	0.74
777	NAYZOE	3.9597551082	0.25	0.02	0.73
778	NAYZOE	4.0327330438	0.25	0.03	0.72
779	NAYZOE	4.1548302905	0.25	0.04	0.71
780	NAYZOE	3.9795545137	0.25	0.05	0.7
781	NAYZOE	4.1212173794	0.25	0.06	0.69
782	NAYZOE	3.9515144295	0.25	0.07	0.68
783	NAYZOE	3.9779951709	0.25	0.08	0.67
784	NAYZOE	4.0180476664	0.25	0.09	0.66
785	NAYZOE	4.0511222377	0.25	0.1	0.65
786	NAYZOE	4.1879108059	0.25	0.11	0.64
787	NAYZOE	3.988220324	0.25	0.12	0.63
788	NAYZOE	4.0379313128	0.25	0.13	0.62
789	NAYZOE	4.132327375	0.25	0.14	0.61
790	NAYZOE	3.9790978669	0.25	0.15	0.6
791	NAYZOE	3.9398263524	0.25	0.16	0.59
792	NAYZOE	3.7688143273	0.25	0.17	0.58
793	NAYZOE	4.096373661	0.25	0.18	0.57
794	NAYZOE	4.017981887	0.25	0.19	0.56
795	NAYZOE	4.047479061	0.25	0.2	0.55
796	NAYZOE	3.9097118842	0.25	0.21	0.54
797	NAYZOE	4.0086391988	0.25	0.22	0.53
798	NAYZOE	4.1031307199	0.25	0.23	0.52
799	NAYZOE	4.1112350691	0.25	0.24	0.51
800	NAYZOE	4.1441776264	0.25	0.25	0.5
801	NAYZOE	4.2028713837	0.25	0.26	0.49
802	NAYZOE	4.0252742849	0.25	0.27	0.48
803	NAYZOE	3.9714080794	0.25	0.28	0.47
804	NAYZOE	4.1512037462	0.25	0.29	0.46
805	NAYZOE	4.0894492421	0.25	0.3	0.45
806	NAYZOE	4.1838474782	0.26	0.0	0.74
807	NAYZOE	4.1312398746	0.26	0.01	0.73
808	NAYZOE	4.1358704483	0.26	0.02	0.72
809	NAYZOE	4.0965297675	0.26	0.03	0.71
810	NAYZOE	4.028908464	0.26	0.04	0.7
811	NAYZOE	4.0027390827	0.26	0.05	0.69
812	NAYZOE	4.0097224839	0.26	0.06	0.68
813	NAYZOE	4.2272080708	0.26	0.07	0.67
814	NAYZOE	4.2410915689	0.26	0.08	0.66
815	NAYZOE	4.0884978731	0.26	0.09	0.65
816	NAYZOE	4.2924654874	0.26	0.1	0.64
817	NAYZOE	4.1110391242	0.26	0.11	0.63
818	NAYZOE	4.1588889444	0.26	0.12	0.62
819	NAYZOE	4.1978658383	0.26	0.13	0.61
820	NAYZOE	4.1080430037	0.26	0.14	0.6
821	NAYZOE	4.0540054999	0.26	0.15	0.59
822	NAYZOE	4.1077641655	0.26	0.16	0.58
823	NAYZOE	4.150863344	0.26	0.17	0.57
824	NAYZOE	4.1883916891	0.26	0.18	0.56
825	NAYZOE	4.0157794517	0.26	0.19	0.55
826	NAYZOE	4.3442124604	0.26	0.2	0.54
827	NAYZOE	4.0009926609	0.26	0.21	0.53
828	NAYZOE	4.0193417638	0.26	0.22	0.52
829	NAYZOE	4.0874980224	0.26	0.23	0.51
830	NAYZOE	4.3693262723	0.26	0.24	0.5
831	NAYZOE	4.3160573564	0.26	0.25	0.49
832	NAYZOE	4.2920096071	0.26	0.26	0.48
833	NAYZOE	4.1873994147	0.26	0.27	0.47
834	NAYZOE	4.2008306737	0.26	0.28	0.46
835	NAYZOE	4.1495944291	0.26	0.29	0.45
836	NAYZOE	4.3607278165	0.26	0.3	0.44
837	NAYZOE	4.3311606951	0.27	0.0	0.73
838	NAYZOE	4.2200464151	0.27	0.01	0.72
839	NAYZOE	4.1393843606	0.27	0.02	0.71
840	NAYZOE	4.2417236842	0.27	0.03	0.7
841	NAYZOE	4.2642541366	0.27	0.04	0.69
842	NAYZOE	4.1136817649	0.27	0.05	0.68
843	NAYZOE	4.1775500218	0.27	0.06	0.67
844	NAYZOE	4.0378542289	0.27	0.07	0.66
845	NAYZOE	4.1342741372	0.27	0.08	0.65
846	NAYZOE	4.2650762266	0.27	0.09	0.64
847	NAYZOE	4.1831888695	0.27	0.1	0.63
848	NAYZOE	4.3606400456	0.27	0.11	0.62
849	NAYZOE	4.32707402	0.27	0.12	0.61
850	NAYZOE	4.3181038148	0.27	0.13	0.6
851	NAYZOE	4.2912188255	0.27	0.14	0.59
852	NAYZOE	4.2031608835	0.27	0.15	0.58
853	NAYZOE	4.2836871767	0.27	0.16	0.57
854	NAYZOE	4.1804001724	0.27	0.17	0.56
855	NAYZOE	4.2637751031	0.27	0.18	0.55
856	NAYZOE	4.2466533455	0.27	0.19	0.54
857	NAYZOE	4.400445517	0.27	0.2	0.53
858	NAYZOE	4.1332117736	0.27	0.21	0.52
859	NAYZOE	4.2612905507	0.27	0.22	0.51
860	NAYZOE	4.3252929487	0.27	0.23	0.5
861	NAYZOE	4.4221790649	0.27	0.24	0.49
862	NAYZOE	4.3773571441	0.27	0.25	0.48
863	NAYZOE	4.27882125	0.27	0.26	0.47
864	NAYZOE	4.3254048828	0.27	0.27	0.46
865	NAYZOE	4.2322390012	0.27	0.28	0.45
866	NAYZOE	4.1707390255	0.27	0.29	0.44
867	NAYZOE	4.3607153483	0.27	0.3	0.43
868	NAYZOE	4.3293996651	0.28	0.0	0.72
869	NAYZOE	4.364749934	0.28	0.01	0.71
870	NAYZOE	4.3584883398	0.28	0.02	0.7
871	NAYZOE	4.1986420376	0.28	0.03	0.69
872	NAYZOE	4.340108598	0.28	0.04	0.68
873	NAYZOE	4.3280579469	0.28	0.05	0.67
874	NAYZOE	4.4279933418	0.28	0.06	0.66
875	NAYZOE	4.3639549722	0.28	0.07	0.65
876	NAYZOE	4.2626997422	0.28	0.08	0.64
877	NAYZOE	4.3439378961	0.28	0.09	0.63
878	NAYZOE	4.4406649134	0.28	0.1	0.62
879	NAYZOE	4.3520308722	0.28	0.11	0.61
880	NAYZOE	4.1903514832	0.28	0.12	0.6
881	NAYZOE	4.3310813449	0.28	0.13	0.59
882	NAYZOE	4.3609395398	0.28	0.14	0.58
883	NAYZOE	4.1370140233	0.28	0.15	0.57
884	NAYZOE	4.2599099287	0.28	0.16	0.56
885	NAYZOE	4.3656336725	0.28	0.17	0.55
886	NAYZOE	4.3773371223	0.28	0.18	0.54
887	NAYZOE	4.3743547661	0.28	0.19	0.53
888	NAYZOE	4.348254611	0.28	0.2	0.52
889	NAYZOE	4.3468492742	0.28	0.21	0.51
890	NAYZOE	4.4085843466	0.28	0.22	0.5
891	NAYZOE	4.3383195021	0.28	0.23	0.49
892	NAYZOE	4.3967512957	0.28	0.24	0.48
893	NAYZOE	4.3906762049	0.28	0.25	0.47
894	NAYZOE	4.4024343978	0.28	0.26	0.46
895	NAYZOE	4.3947889305	0.28	0.27	0.45
896	NAYZOE	4.3275150677	0.28	0.28	0.44
897	NAYZOE	4.4510673721	0.28	0.29	0.43
898	NAYZOE	4.2046555024	0.28	0.3	0.42
899	NAYZOE	4.4867068654	0.29	0.0	0.71
900	NAYZOE	4.5104683907	0.29	0.01	0.7
901	NAYZOE	4.4376611054	0.29	0.02	0.69
902	NAYZOE	4.3260678499	0.29	0.03	0.68
903	NAYZOE	4.2820173277	0.29	0.04	0.67
904	NAYZOE	4.3335865054	0.29	0.05	0.66
905	NAYZOE	4.374149752	0.29	0.06	0.65
906	NAYZOE	4.4668270989	0.29	0.07	0.64
907	NAYZOE	4.3284347399	0.29	0.08	0.63
908	NAYZOE	4.5653761693	0.29	0.09	0.62
909	NAYZOE	4.3577572965	0.29	0.1	0.61
910	NAYZOE	4.5088682861	0.29	0.11	0.6
911	NAYZOE	4.4605554772	0.29	0.12	0.59
912	NAYZOE	4.4491014524	0.29	0.13	0.58
913	NAYZOE	4.3068275372	0.29	0.14	0.57
914	NAYZOE	4.3684480692	0.29	0.15	0.56
915	NAYZOE	4.4756227991	0.29	0.16	0.55
916	NAYZOE	4.5321189852	0.29	0.17	0.54
917	NAYZOE	4.5162125425	0.29	0.18	0.53
918	NAYZOE	4.4938322487	0.29	0.19	0.52
919	NAYZOE	4.3469804602	0.29	0.2	0.51
920	NAYZOE	4.5499879255	0.29	0.21	0.5
921	NAYZOE	4.3878866322	0.29	0.22	0.49
922	NAYZOE	4.4734608634	0.29	0.23	0.48
923	NAYZOE	4.5220861737	0.29	0.24	0.47
924	NAYZOE	4.6393758872	0.29	0.25	0.46
925	NAYZOE	4.3486702553	0.29	0.26	0.45
926	NAYZOE	4.5738436334	0.29	0.27	0.44
927	NAYZOE	4.4734183584	0.29	0.28	0.43
928	NAYZOE	4.3659471833	0.29	0.29	0.42
929	NAYZOE	4.529566924	0.29	0.3	0.41
930	NAYZOE	4.6278277742	0.3	0.0	0.7
931	NAYZOE	4.5433216143	0.3	0.01	0.69
932	NAYZOE	4.4450350253	0.3	0.02	0.68
933	NAYZOE	4.494867627	0.3	0.03	0.67
934	NAYZOE	4.4423688934	0.3	0.04	0.66
935	NAYZOE	4.5100092787	0.3	0.05	0.65
936	NAYZOE	4.6135436298	0.3	0.06	0.64
937	NAYZOE	4.5026852483	0.3	0.07	0.63
938	NAYZOE	4.4749463783	0.3	0.08	0.62
939	NAYZOE	4.4643597697	0.3	0.09	0.61
940	NAYZOE	4.6240427217	0.3	0.1	0.6
941	NAYZOE	4.5391429191	0.3	0.11	0.59
942	NAYZOE	4.6827254898	0.3	0.12	0.58
943	NAYZOE	4.5441822702	0.3	0.13	0.57
944	NAYZOE	4.6137081936	0.3	0.14	0.56
945	NAYZOE	4.5271285024	0.3	0.15	0.55
946	NAYZOE	4.6392972689	0.3	0.16	0.54
947	NAYZOE	4.6314699934	0.3	0.17	0.53
948	NAYZOE	4.6450939053	0.3	0.18	0.52
949	NAYZOE	4.5574451952	0.3	0.19	0.51
950	NAYZOE	4.6831993114	0.3	0.2	0.5
951	NAYZOE	4.6444476525	0.3	0.21	0.49
952	NAYZOE	4.5735235631	0.3	0.22	0.48
953	NAYZOE	4.6834408219	0.3	0.23	0.47
954	NAYZOE	4.569338311	0.3	0.24	0.46
955	NAYZOE	4.5608057882	0.3	0.25	0.45
956	NAYZOE	4.5969930387	0.3	0.26	0.44
957	NAYZOE	4.7492952486	0.3	0.27	0.43
958	NAYZOE	4.6019129501	0.3	0.28	0.42
959	NAYZOE	4.634836481	0.3	0.29	0.41
960	NAYZOE	4.5759247643	0.3	0.3	0.4
