MOF,O2_comp,CO2_comp,H2_comp,CH4_comp,H2S_comp,N2_comp,O2_mass,O2_error,CO2_mass,CO2_error,H2_mass,H2_error,CH4_mass,CH4_error,H2S_mass,H2S_error,N2_mass,N2_error,total_mass,total_error
UIO-66_v2_EQeq,0.1,0.0,0.0,0.0,0.0,0.9,1.2959231198,0.1021595203,0.0000000000,0.0000000000,0.0000000000,0.0000000000,0.0000000000,0.0000000000,0.0000000000,0.0000000000,8.9851937006,0.9889434673,10.2811168204,1.0911029876
UIO-66_v2_EQeq,0.1,0.0,0.0,0.0,0.01,0.89,0.0,0.0,,,,,,,,,,,,
UIO-66_v2_EQeq,0.1,0.0,0.0,0.02,0.02,0.86,0.0,0.0,,,,,,,,,,,,
UIO-66_v2_EQeq,0.1,0.04,0.02,0.01,0.0,0.83,1.0223733103,0.0772737101,27.4221206505,2.2552925819,0.0014441278,0.0006558029,0.1912340575,0.0312173211,0.0000000000,0.0000000000,6.0541689300,0.3059709694,34.6913410761,2.6704103854
UIO-66_v2_EQeq,0.1,0.04,0.02,0.01,0.01,0.82,0.0,0.0,,,,,,,,,,,,
UIO-66_v2_EQeq,0.1,0.04,0.02,0.01,0.02,0.81,0.0,0.0,,,,,,,,,,,,
UIO-66_v2_EQeq,0.1,0.04,0.02,0.01,0.03,0.8,0.0,0.0,,,,,,,,,,,,
UIO-66_v2_EQeq,0.1,0.04,0.02,0.02,0.0,0.8200000000000001,0.9798890382,0.0361330671,27.0279145330,1.7950362404,0.0012708325,0.0004778975,0.3964122651,0.0229050432,0.0000000000,0.0000000000,6.2181928650,0.3054744896,34.6236795338,2.1600267378
UIO-66_v2_EQeq,0.1,0.04,0.02,0.02,0.01,0.81,0.0,0.0,,,,,,,,,,,,
UIO-66_v2_EQeq,0.1,0.04,0.02,0.02,0.02,0.8,0.0,0.0,,,,,,,,,,,,
UIO-66_v2_EQeq,0.1,0.04,0.02,0.02,0.03,0.79,0.0,0.0,,,,,,,,,,,,
UIO-66_v2_EQeq,0.1,0.04,0.02,0.03,0.0,0.81,1.0315425777,0.0512532063,26.7286877146,0.6330831235,0.0011360472,0.0003927272,0.5560804445,0.0435719284,0.0000000000,0.0000000000,5.9147619640,0.3889892538,34.2322087480,1.1172902392
UIO-66_v2_EQeq,0.1,0.04,0.02,0.03,0.01,0.8,0.0,0.0,,,,,,,,,,,,
UIO-66_v2_EQeq,0.1,0.0,0.0,0.02,0.03,0.85,0.0,0.0,,,,,,,,,,,,
UIO-66_v2_EQeq,0.1,0.04,0.02,0.03,0.02,0.79,0.0,0.0,,,,,,,,,,,,
UIO-66_v2_EQeq,0.1,0.04,0.02,0.03,0.03,0.78,0.0,0.0,,,,,,,,,,,,
UIO-66_v2_EQeq,0.1,0.04,0.03,0.0,0.0,0.83,1.0187056034,0.0865048551,28.6921535794,1.9247551105,0.0018677386,0.0006625524,0.0000000000,0.0000000000,0.0000000000,0.0000000000,6.1031352923,0.2748689397,35.8158622137,2.2867914577
UIO-66_v2_EQeq,0.1,0.04,0.03,0.0,0.01,0.82,0.0,0.0,,,,,,,,,,,,
UIO-66_v2_EQeq,0.1,0.04,0.03,0.0,0.02,0.81,0.0,0.0,,,,,,,,,,,,
UIO-66_v2_EQeq,0.1,0.04,0.03,0.0,0.03,0.8,0.0,0.0,,,,,,,,,,,,
UIO-66_v2_EQeq,0.1,0.04,0.03,0.01,0.0,0.82,1.0067855558,0.0488033244,27.6856251662,1.9977694885,0.0025031549,0.0004716502,0.1831127394,0.0308145782,0.0000000000,0.0000000000,5.9583768113,0.2153850168,34.8364034276,2.2932440581
UIO-66_v2_EQeq,0.1,0.04,0.03,0.01,0.01,0.8099999999999999,0.0,0.0,,,,,,,,,,,,
UIO-66_v2_EQeq,0.1,0.04,0.03,0.01,0.02,0.8,0.0,0.0,,,,,,,,,,,,
UIO-66_v2_EQeq,0.1,0.04,0.03,0.01,0.03,0.79,0.0,0.0,,,,,,,,,,,,
UIO-66_v2_EQeq,0.1,0.0,0.0,0.03,0.0,0.87,1.2852256412,0.0450031611,0.0000000000,0.0000000000,0.0000000000,0.0000000000,0.8167287873,0.0715777475,0.0000000000,0.0000000000,8.3767264440,0.4233126175,10.4786808725,.5398935261
UIO-66_v2_EQeq,0.1,0.04,0.03,0.02,0.0,0.81,1.0150378964,0.0608957179,28.2693696196,2.5894839888,0.0021373091,0.0008384237,0.3682175002,0.0316950431,0.0000000000,0.0000000000,5.8561628747,0.3234431942,35.5109252000,3.0063563677
UIO-66_v2_EQeq,0.1,0.04,0.03,0.02,0.01,0.8,0.0,0.0,,,,,,,,,,,,
UIO-66_v2_EQeq,0.1,0.04,0.03,0.02,0.02,0.79,0.0,0.0,,,,,,,,,,,,
UIO-66_v2_EQeq,0.1,0.04,0.03,0.02,0.03,0.78,0.0,0.0,,,,,,,,,,,,
UIO-66_v2_EQeq,0.1,0.04,0.03,0.03,0.0,0.8,1.0459077632,0.0621769786,27.9029008195,1.7191524182,0.0020602890,0.0006397774,0.5743151022,0.0327587831,0.0000000000,0.0000000000,6.0006537799,0.1314927242,35.5258377538,1.9462206815
UIO-66_v2_EQeq,0.1,0.04,0.03,0.03,0.01,0.79,0.0,0.0,,,,,,,,,,,,
UIO-66_v2_EQeq,0.1,0.04,0.03,0.03,0.02,0.78,0.0,0.0,,,,,,,,,,,,
UIO-66_v2_EQeq,0.1,0.04,0.03,0.03,0.03,0.77,0.0,0.0,,,,,,,,,,,,
UIO-66_v2_EQeq,0.1,0.08,0.0,0.0,0.0,0.8200000000000001,0.9291524255,0.0985097806,43.4252920261,1.7813125482,0.0000000000,0.0000000000,0.0000000000,0.0000000000,0.0000000000,0.0000000000,5.1385247119,0.3089609029,49.4929691635,2.1887832317
UIO-66_v2_EQeq,0.1,0.08,0.0,0.0,0.01,0.81,0.0,0.0,,,,,,,,,,,,
UIO-66_v2_EQeq,0.1,0.0,0.0,0.03,0.01,0.86,0.0,0.0,,,,,,,,,,,,
UIO-66_v2_EQeq,0.1,0.08,0.0,0.0,0.02,0.8,0.0,0.0,,,,,,,,,,,,
UIO-66_v2_EQeq,0.1,0.08,0.0,0.0,0.03,0.79,0.0,0.0,,,,,,,,,,,,
UIO-66_v2_EQeq,0.1,0.08,0.0,0.01,0.0,0.81,0.9013389812,0.0679983591,44.9458013366,2.5005373196,0.0000000000,0.0000000000,0.1602811091,0.0217006536,0.0000000000,0.0000000000,4.9755710799,0.2601684030,50.9829925068,2.8504047353
UIO-66_v2_EQeq,0.1,0.08,0.0,0.01,0.01,0.8,0.0,0.0,,,,,,,,,,,,
UIO-66_v2_EQeq,0.1,0.08,0.0,0.01,0.02,0.79,0.0,0.0,,,,,,,,,,,,
UIO-66_v2_EQeq,0.1,0.08,0.0,0.01,0.03,0.78,0.0,0.0,,,,,,,,,,,,
UIO-66_v2_EQeq,0.1,0.08,0.0,0.02,0.0,0.8,0.8787214550,0.0922006701,43.7119109729,3.2673430446,0.0000000000,0.0000000000,0.3066180682,0.0364345318,0.0000000000,0.0000000000,4.9402510808,0.2318175990,49.8375015769,3.6277958455
UIO-66_v2_EQeq,0.1,0.08,0.0,0.02,0.01,0.79,0.0,0.0,,,,,,,,,,,,
UIO-66_v2_EQeq,0.1,0.08,0.0,0.02,0.02,0.78,0.0,0.0,,,,,,,,,,,,
UIO-66_v2_EQeq,0.1,0.08,0.0,0.02,0.03,0.77,0.0,0.0,,,,,,,,,,,,
UIO-66_v2_EQeq,0.1,0.0,0.0,0.03,0.02,0.85,0.0,0.0,,,,,,,,,,,,
UIO-66_v2_EQeq,0.1,0.08,0.0,0.03,0.0,0.79,0.9010333389,0.0678112629,43.6875357546,0.7999685400,0.0000000000,0.0000000000,0.4497371465,0.0542970592,0.0000000000,0.0000000000,4.7668619945,0.3626298085,49.8051682345,1.2847066706
UIO-66_v2_EQeq,0.1,0.08,0.0,0.03,0.01,0.78,0.0,0.0,,,,,,,,,,,,
UIO-66_v2_EQeq,0.1,0.08,0.0,0.03,0.02,0.77,0.0,0.0,,,,,,,,,,,,
UIO-66_v2_EQeq,0.1,0.08,0.0,0.03,0.03,0.76,0.0,0.0,,,,,,,,,,,,
UIO-66_v2_EQeq,0.1,0.08,0.01,0.0,0.0,0.81,0.9129533865,0.0752302237,44.0851039712,1.2421164609,0.0005391410,0.0004491008,0.0000000000,0.0000000000,0.0000000000,0.0000000000,5.1082886521,0.3951774071,50.1068851508,1.7129731925
UIO-66_v2_EQeq,0.1,0.08,0.01,0.0,0.01,0.8,0.0,0.0,,,,,,,,,,,,
UIO-66_v2_EQeq,0.1,0.08,0.01,0.0,0.02,0.79,0.0,0.0,,,,,,,,,,,,
UIO-66_v2_EQeq,0.1,0.08,0.01,0.0,0.03,0.78,0.0,0.0,,,,,,,,,,,,
UIO-66_v2_EQeq,0.1,0.08,0.01,0.01,0.0,0.8,0.9089800373,0.0310734612,43.8354681142,0.8995892818,0.0006739263,0.0002723073,0.1619666657,0.0172439242,0.0000000000,0.0000000000,4.9397159293,0.1657881730,49.8468046728,1.1139671475
UIO-66_v2_EQeq,0.1,0.08,0.01,0.01,0.01,0.79,0.0,0.0,,,,,,,,,,,,
UIO-66_v2_EQeq,0.1,0.0,0.0,0.03,0.03,0.84,0.0,0.0,,,,,,,,,,,,
UIO-66_v2_EQeq,0.1,0.08,0.01,0.01,0.02,0.78,0.0,0.0,,,,,,,,,,,,
UIO-66_v2_EQeq,0.1,0.08,0.01,0.01,0.03,0.77,0.0,0.0,,,,,,,,,,,,
UIO-66_v2_EQeq,0.1,0.08,0.01,0.02,0.0,0.79,0.8845286577,0.0352430823,44.3027998869,1.6318493494,0.0005006310,0.0005223761,0.3040131171,0.0345830325,0.0000000000,0.0000000000,4.8845953247,0.2560799187,50.3764376174,1.9582777590
UIO-66_v2_EQeq,0.1,0.08,0.01,0.02,0.01,0.78,0.0,0.0,,,,,,,,,,,,
UIO-66_v2_EQeq,0.1,0.08,0.01,0.02,0.02,0.77,0.0,0.0,,,,,,,,,,,,
UIO-66_v2_EQeq,0.1,0.08,0.01,0.02,0.03,0.76,0.0,0.0,,,,,,,,,,,,
UIO-66_v2_EQeq,0.1,0.08,0.01,0.03,0.0,0.78,0.8851399422,0.0606189597,44.1456217547,1.3460462958,0.0005006310,0.0005890909,0.4710364526,0.0282114157,0.0000000000,0.0000000000,4.7593698735,0.1930525198,50.2616686540,1.6285182819
UIO-66_v2_EQeq,0.1,0.08,0.01,0.03,0.01,0.77,0.0,0.0,,,,,,,,,,,,
UIO-66_v2_EQeq,0.1,0.08,0.01,0.03,0.02,0.76,0.0,0.0,,,,,,,,,,,,
UIO-66_v2_EQeq,0.1,0.08,0.01,0.03,0.03,0.75,0.0,0.0,,,,,,,,,,,,
UIO-66_v2_EQeq,0.1,0.0,0.01,0.0,0.0,0.89,1.2836974300,0.0227903386,0.0000000000,0.0000000000,0.0005969062,0.0005363833,0.0000000000,0.0000000000,0.0000000000,0.0000000000,8.9924182459,0.7560927520,10.2767125821,.7794194739
UIO-66_v2_EQeq,0.1,0.08,0.02,0.0,0.0,0.8,0.0,0.0,,,,,,,,,,,,
UIO-66_v2_EQeq,0.1,0.08,0.02,0.0,0.01,0.79,0.0,0.0,,,,,,,,,,,,
UIO-66_v2_EQeq,0.1,0.08,0.02,0.0,0.02,0.78,0.0,0.0,,,,,,,,,,,,
UIO-66_v2_EQeq,0.1,0.08,0.02,0.0,0.03,0.77,0.0,0.0,,,,,,,,,,,,
UIO-66_v2_EQeq,0.1,0.08,0.02,0.01,0.0,0.79,0.8912527871,0.0312533207,43.4538698683,1.0094335068,0.0011553022,0.0006558029,0.1549179745,0.0200822177,0.0000000000,0.0000000000,4.9084095665,0.1686058480,49.4096054986,1.2300306961
UIO-66_v2_EQeq,0.1,0.08,0.02,0.01,0.01,0.78,0.0,0.0,,,,,,,,,,,,
UIO-66_v2_EQeq,0.1,0.08,0.02,0.01,0.02,0.77,0.0,0.0,,,,,,,,,,,,
UIO-66_v2_EQeq,0.1,0.08,0.02,0.01,0.03,0.76,0.0,0.0,,,,,,,,,,,,
UIO-66_v2_EQeq,0.1,0.08,0.02,0.02,0.0,0.78,0.8845286577,0.0656782445,43.0121741012,0.9039975792,0.0011360472,0.0006257147,0.3158120133,0.0317512952,0.0000000000,0.0000000000,4.8043225996,0.2520501077,49.0179734190,1.2541029413
UIO-66_v2_EQeq,0.1,0.08,0.02,0.02,0.01,0.77,0.0,0.0,,,,,,,,,,,,
UIO-66_v2_EQeq,0.1,0.0,0.01,0.0,0.01,0.88,0.0,0.0,,,,,,,,,,,,
UIO-66_v2_EQeq,0.1,0.08,0.02,0.02,0.02,0.76,0.0,0.0,,,,,,,,,,,,
UIO-66_v2_EQeq,0.1,0.08,0.02,0.02,0.03,0.75,0.0,0.0,,,,,,,,,,,,
UIO-66_v2_EQeq,0.1,0.08,0.02,0.03,0.0,0.77,0.8961430630,0.0753790865,43.4131044169,1.5446618058,0.0011745573,0.0006714461,0.4485112872,0.0337751502,0.0000000000,0.0000000000,4.6855189664,0.0701313949,49.4444522908,1.7246188835
UIO-66_v2_EQeq,0.1,0.08,0.02,0.03,0.01,0.76,0.0,0.0,,,,,,,,,,,,
UIO-66_v2_EQeq,0.1,0.08,0.02,0.03,0.02,0.75,0.0,0.0,,,,,,,,,,,,
UIO-66_v2_EQeq,0.1,0.08,0.02,0.03,0.03,0.74,0.0,0.0,,,,,,,,,,,,
UIO-66_v2_EQeq,0.1,0.08,0.03,0.0,0.0,0.79,0.8952261363,0.0484189798,44.9672347183,3.3045352962,0.0020025239,0.0007142555,0.0000000000,0.0000000000,0.0000000000,0.0000000000,4.9014525970,0.2813115884,50.7659159755,3.6349801199
UIO-66_v2_EQeq,0.1,0.08,0.03,0.0,0.01,0.78,0.0,0.0,,,,,,,,,,,,
UIO-66_v2_EQeq,0.1,0.08,0.03,0.0,0.02,0.77,0.0,0.0,,,,,,,,,,,,
UIO-66_v2_EQeq,0.1,0.08,0.03,0.0,0.03,0.76,0.0,0.0,,,,,,,,,,,,
UIO-66_v2_EQeq,0.1,0.0,0.01,0.0,0.02,0.87,0.0,0.0,,,,,,,,,,,,
UIO-66_v2_EQeq,0.1,0.08,0.03,0.01,0.0,0.78,0.8768876016,0.1250581103,44.6457339934,2.0429120119,0.0018292285,0.0010261327,0.1489419102,0.0167465578,0.0000000000,0.0000000000,4.8099416903,0.1139432934,50.4833344240,2.2996861061
UIO-66_v2_EQeq,0.1,0.08,0.03,0.01,0.01,0.77,0.0,0.0,,,,,,,,,,,,
UIO-66_v2_EQeq,0.1,0.08,0.03,0.01,0.02,0.76,0.0,0.0,,,,,,,,,,,,
UIO-66_v2_EQeq,0.1,0.08,0.03,0.01,0.03,0.75,0.0,0.0,,,,,,,,,,,,
UIO-66_v2_EQeq,0.1,0.08,0.03,0.02,0.0,0.77,0.8619111316,0.0491694689,44.0287888116,1.7897731138,0.0018677386,0.0004653190,0.3035534198,0.0515043311,0.0000000000,0.0000000000,4.8222501749,0.2500572338,50.0183712765,2.1409694666
UIO-66_v2_EQeq,0.1,0.08,0.03,0.02,0.01,0.76,0.0,0.0,,,,,,,,,,,,
UIO-66_v2_EQeq,0.1,0.08,0.03,0.02,0.02,0.75,0.0,0.0,,,,,,,,,,,,
UIO-66_v2_EQeq,0.1,0.08,0.03,0.02,0.03,0.74,0.0,0.0,,,,,,,,,,,,
UIO-66_v2_EQeq,0.1,0.08,0.03,0.03,0.0,0.76,0.8848342999,0.0626081860,44.4040831218,2.4807026009,0.0016944433,0.0006736512,0.4543341190,0.0419084360,0.0000000000,0.0000000000,4.6911380571,0.1592073467,50.4360840411,2.7451002208
UIO-66_v2_EQeq,0.1,0.08,0.03,0.03,0.01,0.75,0.0,0.0,,,,,,,,,,,,
UIO-66_v2_EQeq,0.1,0.0,0.01,0.0,0.03,0.86,0.0,0.0,,,,,,,,,,,,
UIO-66_v2_EQeq,0.1,0.08,0.03,0.03,0.02,0.74,0.0,0.0,,,,,,,,,,,,
UIO-66_v2_EQeq,0.1,0.08,0.03,0.03,0.03,0.73,0.0,0.0,,,,,,,,,,,,
UIO-66_v2_EQeq,0.1,0.12,0.0,0.0,0.0,0.78,0.8062842429,0.0376622688,56.5563902594,2.7649233215,0.0000000000,0.0000000000,0.0000000000,0.0000000000,0.0000000000,0.0000000000,4.3055614007,0.2688485245,61.6682359030,3.0714341148
UIO-66_v2_EQeq,0.1,0.12,0.0,0.0,0.01,0.77,0.0,0.0,,,,,,,,,,,,
UIO-66_v2_EQeq,0.1,0.12,0.0,0.0,0.02,0.76,0.0,0.0,,,,,,,,,,,,
UIO-66_v2_EQeq,0.1,0.12,0.0,0.0,0.03,0.75,0.0,0.0,,,,,,,,,,,,
UIO-66_v2_EQeq,0.1,0.12,0.0,0.01,0.0,0.77,0.7949754798,0.0783160169,56.6362401126,2.0127355061,0.0000000000,0.0000000000,0.1357639222,0.0154574982,0.0000000000,0.0000000000,4.1517053442,0.2379673771,61.7186848588,2.3444763983
UIO-66_v2_EQeq,0.1,0.12,0.0,0.01,0.01,0.76,0.0,0.0,,,,,,,,,,,,
UIO-66_v2_EQeq,0.1,0.12,0.0,0.01,0.02,0.75,0.0,0.0,,,,,,,,,,,,
UIO-66_v2_EQeq,0.1,0.12,0.0,0.01,0.03,0.74,0.0,0.0,,,,,,,,,,,,
UIO-66_v2_EQeq,0.1,0.0,0.0,0.0,0.02,0.88,0.0,0.0,,,,,,,,,,,,
UIO-66_v2_EQeq,0.1,0.0,0.01,0.01,0.0,0.88,1.2467147183,0.1133335293,0.0000000000,0.0000000000,0.0005776511,0.0004038971,0.2709149148,0.0469461718,0.0000000000,0.0000000000,8.4163276551,0.6357644877,9.9345349393,.7964480859
UIO-66_v2_EQeq,0.1,0.12,0.0,0.02,0.0,0.76,0.8325694760,0.0795938416,56.2689307878,1.9494902578,0.0000000000,0.0000000000,0.2548255109,0.0220271268,0.0000000000,0.0000000000,4.1201314056,0.1810173189,61.4764571803,2.2321285451
UIO-66_v2_EQeq,0.1,0.12,0.0,0.02,0.01,0.75,0.0,0.0,,,,,,,,,,,,
UIO-66_v2_EQeq,0.1,0.12,0.0,0.02,0.02,0.74,0.0,0.0,,,,,,,,,,,,
UIO-66_v2_EQeq,0.1,0.12,0.0,0.02,0.03,0.73,0.0,0.0,,,,,,,,,,,,
UIO-66_v2_EQeq,0.1,0.12,0.0,0.03,0.0,0.75,0.8123970878,0.0693908872,55.6158430408,2.0686344323,0.0000000000,0.0000000000,0.3907426656,0.0411850429,0.0000000000,0.0000000000,4.0925711034,0.1698126026,60.9115538976,2.3490229650
UIO-66_v2_EQeq,0.1,0.12,0.0,0.03,0.01,0.74,0.0,0.0,,,,,,,,,,,,
UIO-66_v2_EQeq,0.1,0.12,0.0,0.03,0.02,0.73,0.0,0.0,,,,,,,,,,,,
UIO-66_v2_EQeq,0.1,0.12,0.0,0.03,0.03,0.72,0.0,0.0,,,,,,,,,,,,
UIO-66_v2_EQeq,0.1,0.12,0.01,0.0,0.0,0.77,0.8414331011,0.0596934250,56.8766301971,2.8099390512,0.0005198860,0.0001963636,0.0000000000,0.0000000000,0.0000000000,0.0000000000,4.2095017063,0.1352420067,61.9280848905,3.0050708465
UIO-66_v2_EQeq,0.1,0.12,0.01,0.0,0.01,0.76,0.0,0.0,,,,,,,,,,,,
UIO-66_v2_EQeq,0.1,0.0,0.01,0.01,0.01,0.87,0.0,0.0,,,,,,,,,,,,
UIO-66_v2_EQeq,0.1,0.12,0.01,0.0,0.02,0.75,0.0,0.0,,,,,,,,,,,,
UIO-66_v2_EQeq,0.1,0.12,0.01,0.0,0.03,0.74,0.0,0.0,,,,,,,,,,,,
UIO-66_v2_EQeq,0.1,0.12,0.01,0.01,0.0,0.76,0.8105632344,0.0723952870,57.3128625532,2.8661813346,0.0005391410,0.0002881830,0.1282555338,0.0138622416,0.0000000000,0.0000000000,4.1054147394,0.0797465522,62.3576352018,3.0324735984
UIO-66_v2_EQeq,0.1,0.12,0.01,0.01,0.01,0.75,0.0,0.0,,,,,,,,,,,,
UIO-66_v2_EQeq,0.1,0.12,0.01,0.01,0.02,0.74,0.0,0.0,,,,,,,,,,,,
UIO-66_v2_EQeq,0.1,0.12,0.01,0.01,0.03,0.73,0.0,0.0,,,,,,,,,,,,
UIO-66_v2_EQeq,0.1,0.12,0.01,0.02,0.0,0.75,0.8261509889,0.0559784419,56.6425440484,3.4679275887,0.0005776511,0.0001722223,0.2629468291,0.0567034487,0.0000000000,0.0000000000,4.0609971648,0.0906698898,61.7932166823,3.6714515914
UIO-66_v2_EQeq,0.1,0.12,0.01,0.02,0.01,0.74,0.0,0.0,,,,,,,,,,,,
UIO-66_v2_EQeq,0.1,0.12,0.01,0.02,0.02,0.73,0.0,0.0,,,,,,,,,,,,
UIO-66_v2_EQeq,0.1,0.12,0.01,0.02,0.03,0.72,0.0,0.0,,,,,,,,,,,,
UIO-66_v2_EQeq,0.1,0.0,0.01,0.01,0.02,0.86,0.0,0.0,,,,,,,,,,,,
UIO-66_v2_EQeq,0.1,0.12,0.01,0.03,0.0,0.74,0.7784707986,0.0692291493,55.8402631546,1.7453998281,0.0006931813,0.0002829901,0.3982510541,0.0216790028,0.0000000000,0.0000000000,3.9828650457,0.1552031617,61.0005432343,1.9917941320
UIO-66_v2_EQeq,0.1,0.12,0.01,0.03,0.01,0.73,0.0,0.0,,,,,,,,,,,,
UIO-66_v2_EQeq,0.1,0.12,0.01,0.03,0.02,0.72,0.0,0.0,,,,,,,,,,,,
UIO-66_v2_EQeq,0.1,0.12,0.01,0.03,0.03,0.71,0.0,0.0,,,,,,,,,,,,
UIO-66_v2_EQeq,0.1,0.12,0.02,0.0,0.0,0.76,0.7974206178,0.0824078605,56.5584915713,1.1850218899,0.0012515774,0.0006780398,0.0000000000,0.0000000000,0.0000000000,0.0000000000,4.1335101932,0.2482987627,61.4906739597,1.5164065529
UIO-66_v2_EQeq,0.1,0.12,0.02,0.0,0.01,0.75,0.0,0.0,,,,,,,,,,,,
UIO-66_v2_EQeq,0.1,0.12,0.02,0.0,0.02,0.74,0.0,0.0,,,,,,,,,,,,
UIO-66_v2_EQeq,0.1,0.12,0.02,0.0,0.03,0.73,0.0,0.0,,,,,,,,,,,,
UIO-66_v2_EQeq,0.1,0.12,0.02,0.01,0.0,0.75,0.8221776397,0.1186112458,56.3370132942,2.0047856704,0.0011360472,0.0009306380,0.1388285706,0.0187520421,0.0000000000,0.0000000000,4.2030798883,0.0914091400,61.5022354400,2.2344887363
UIO-66_v2_EQeq,0.1,0.12,0.02,0.01,0.01,0.74,0.0,0.0,,,,,,,,,,,,
UIO-66_v2_EQeq,0.1,0.0,0.01,0.01,0.03,0.85,0.0,0.0,,,,,,,,,,,,
UIO-66_v2_EQeq,0.1,0.12,0.02,0.01,0.02,0.73,0.0,0.0,,,,,,,,,,,,
UIO-66_v2_EQeq,0.1,0.12,0.02,0.01,0.03,0.72,0.0,0.0,,,,,,,,,,,,
UIO-66_v2_EQeq,0.1,0.12,0.02,0.02,0.0,0.74,0.8096463076,0.0599993711,56.3319701456,2.4631778826,0.0011745573,0.0005363833,0.2588095538,0.0338001678,0.0000000000,0.0000000000,4.0299583777,0.1521882803,61.4315589420,2.7097020851
UIO-66_v2_EQeq,0.1,0.12,0.02,0.02,0.01,0.73,0.0,0.0,,,,,,,,,,,,
UIO-66_v2_EQeq,0.1,0.12,0.02,0.02,0.02,0.72,0.0,0.0,,,,,,,,,,,,
UIO-66_v2_EQeq,0.1,0.12,0.02,0.02,0.03,0.71,0.0,0.0,,,,,,,,,,,,
UIO-66_v2_EQeq,0.1,0.12,0.02,0.03,0.0,0.73,0.8273735578,0.0852648742,55.6587098041,0.6309346439,0.0012900875,0.0006161612,0.3912023629,0.0205491471,0.0000000000,0.0000000000,3.9743026216,0.1501536317,60.8528784339,.8875184581
UIO-66_v2_EQeq,0.1,0.12,0.02,0.03,0.01,0.72,0.0,0.0,,,,,,,,,,,,
UIO-66_v2_EQeq,0.1,0.12,0.02,0.03,0.02,0.71,0.0,0.0,,,,,,,,,,,,
UIO-66_v2_EQeq,0.1,0.12,0.02,0.03,0.03,0.7,0.0,0.0,,,,,,,,,,,,
UIO-66_v2_EQeq,0.1,0.0,0.01,0.02,0.0,0.87,1.2568009124,0.0870645957,0.0000000000,0.0000000000,0.0009049868,0.0004653190,0.5318697225,0.1153847229,0.0000000000,0.0000000000,8.9940237004,0.6010196901,10.7835993221,.8039343277
UIO-66_v2_EQeq,0.1,0.12,0.03,0.0,0.0,0.75,0.8053673162,0.0692938898,57.1771178027,1.8897071875,0.0017522084,0.0006137496,0.0000000000,0.0000000000,0.0000000000,0.0000000000,4.0275501960,0.3497189468,62.0117875233,2.3093337737
UIO-66_v2_EQeq,0.1,0.12,0.03,0.0,0.01,0.74,0.0,0.0,,,,,,,,,,,,
UIO-66_v2_EQeq,0.1,0.12,0.03,0.0,0.02,0.73,0.0,0.0,,,,,,,,,,,,
UIO-66_v2_EQeq,0.1,0.12,0.03,0.0,0.03,0.72,0.0,0.0,,,,,,,,,,,,
UIO-66_v2_EQeq,0.1,0.12,0.03,0.01,0.0,0.74,0.8337920450,0.0124678062,57.0443148889,3.9963448306,0.0016366782,0.0004556573,0.1287152310,0.0136368243,0.0000000000,0.0000000000,4.0609971648,0.2315580200,62.0694560079,4.2544631384
UIO-66_v2_EQeq,0.1,0.12,0.03,0.01,0.01,0.73,0.0,0.0,,,,,,,,,,,,
UIO-66_v2_EQeq,0.1,0.12,0.03,0.01,0.02,0.72,0.0,0.0,,,,,,,,,,,,
UIO-66_v2_EQeq,0.1,0.12,0.03,0.01,0.03,0.71,0.0,0.0,,,,,,,,,,,,
UIO-66_v2_EQeq,0.1,0.12,0.03,0.02,0.0,0.73,0.8224832819,0.0601237996,55.0942974204,2.2433557322,0.0016751882,0.0007059013,0.2649388505,0.0128349873,0.0000000000,0.0000000000,4.0524347408,0.1999849058,60.2358294818,2.5170053262
UIO-66_v2_EQeq,0.1,0.12,0.03,0.02,0.01,0.72,0.0,0.0,,,,,,,,,,,,
UIO-66_v2_EQeq,0.1,0.0,0.01,0.02,0.01,0.86,0.0,0.0,,,,,,,,,,,,
UIO-66_v2_EQeq,0.1,0.12,0.03,0.02,0.02,0.71,0.0,0.0,,,,,,,,,,,,
UIO-66_v2_EQeq,0.1,0.12,0.03,0.02,0.03,0.7,0.0,0.0,,,,,,,,,,,,
UIO-66_v2_EQeq,0.1,0.12,0.03,0.03,0.0,0.72,0.8062842429,0.0868282227,56.2605255400,0.8871578694,0.0014056177,0.0001963636,0.3772582128,0.0541116587,0.0000000000,0.0000000000,3.8736941395,0.1900925627,61.3191677529,1.2183866771
UIO-66_v2_EQeq,0.1,0.12,0.03,0.03,0.01,0.71,0.0,0.0,,,,,,,,,,,,
UIO-66_v2_EQeq,0.1,0.12,0.03,0.03,0.02,0.7,0.0,0.0,,,,,,,,,,,,
UIO-66_v2_EQeq,0.1,0.12,0.03,0.03,0.03,0.69,0.0,0.0,,,,,,,,,,,,
UIO-66_v2_EQeq,0.15000000000000002,0.0,0.0,0.0,0.0,0.85,1.9160712354,0.1641318778,0.0000000000,0.0000000000,0.0000000000,0.0000000000,0.0000000000,0.0000000000,0.0000000000,0.0000000000,8.4048218978,0.5511083592,10.3208931332,.7152402370
UIO-66_v2_EQeq,0.15000000000000002,0.0,0.0,0.0,0.01,0.84,0.0,0.0,,,,,,,,,,,,
UIO-66_v2_EQeq,0.15000000000000002,0.0,0.0,0.0,0.02,0.83,0.0,0.0,,,,,,,,,,,,
UIO-66_v2_EQeq,0.15000000000000002,0.0,0.0,0.0,0.03,0.82,0.0,0.0,,,,,,,,,,,,
UIO-66_v2_EQeq,0.1,0.0,0.01,0.02,0.02,0.85,0.0,0.0,,,,,,,,,,,,
UIO-66_v2_EQeq,0.15000000000000002,0.0,0.0,0.01,0.0,0.84,1.8986496274,0.0920708899,0.0000000000,0.0000000000,0.0000000000,0.0000000000,0.2833267407,0.0240022821,0.0000000000,0.0000000000,8.5776758326,0.4462714327,10.7596522007,.5623446047
UIO-66_v2_EQeq,0.15000000000000002,0.0,0.0,0.01,0.01,0.83,0.0,0.0,,,,,,,,,,,,
UIO-66_v2_EQeq,0.15000000000000002,0.0,0.0,0.01,0.02,0.82,0.0,0.0,,,,,,,,,,,,
UIO-66_v2_EQeq,0.15000000000000002,0.0,0.0,0.01,0.03,0.8099999999999999,0.0,0.0,,,,,,,,,,,,
UIO-66_v2_EQeq,0.15000000000000002,0.0,0.0,0.02,0.0,0.83,1.9289082097,0.1849011807,0.0000000000,0.0000000000,0.0000000000,0.0000000000,0.5303373983,0.0611579740,0.0000000000,0.0000000000,8.2549794776,0.6474324698,10.7142250856,.8934916245
UIO-66_v2_EQeq,0.15000000000000002,0.0,0.0,0.02,0.01,0.82,0.0,0.0,,,,,,,,,,,,
UIO-66_v2_EQeq,0.15000000000000002,0.0,0.0,0.02,0.02,0.81,0.0,0.0,,,,,,,,,,,,
UIO-66_v2_EQeq,0.15000000000000002,0.0,0.0,0.02,0.03,0.8,0.0,0.0,,,,,,,,,,,,
UIO-66_v2_EQeq,0.15000000000000002,0.0,0.0,0.03,0.0,0.82,1.9142373819,0.2262628069,0.0000000000,0.0000000000,0.0000000000,0.0000000000,0.8069219126,0.0379744435,0.0000000000,0.0000000000,7.8616431244,0.6153204445,10.5828024189,.8795576949
UIO-66_v2_EQeq,0.15000000000000002,0.0,0.0,0.03,0.01,0.8099999999999999,0.0,0.0,,,,,,,,,,,,
UIO-66_v2_EQeq,0.1,0.0,0.01,0.02,0.03,0.84,0.0,0.0,,,,,,,,,,,,
UIO-66_v2_EQeq,0.15000000000000002,0.0,0.0,0.03,0.02,0.8,0.0,0.0,,,,,,,,,,,,
UIO-66_v2_EQeq,0.15000000000000002,0.0,0.0,0.03,0.03,0.79,0.0,0.0,,,,,,,,,,,,
UIO-66_v2_EQeq,0.15000000000000002,0.0,0.01,0.0,0.0,0.84,1.9319646321,0.0946089886,0.0000000000,0.0000000000,0.0007509465,0.0002829901,0.0000000000,0.0000000000,0.0000000000,0.0000000000,8.4342552304,0.0737538957,10.3669708090,.1686458744
UIO-66_v2_EQeq,0.15000000000000002,0.0,0.01,0.0,0.01,0.83,0.0,0.0,,,,,,,,,,,,
UIO-66_v2_EQeq,0.15000000000000002,0.0,0.01,0.0,0.02,0.82,0.0,0.0,,,,,,,,,,,,
UIO-66_v2_EQeq,0.15000000000000002,0.0,0.01,0.0,0.03,0.8099999999999999,0.0,0.0,,,,,,,,,,,,
UIO-66_v2_EQeq,0.15000000000000002,0.0,0.01,0.01,0.0,0.83,2.0044018442,0.1066967266,0.0000000000,0.0000000000,0.0006354162,0.0005252074,0.2712213797,0.0337111319,0.0000000000,0.0000000000,7.9911497876,0.9767651106,10.2674084277,1.1176981765
UIO-66_v2_EQeq,0.15000000000000002,0.0,0.01,0.01,0.01,0.82,0.0,0.0,,,,,,,,,,,,
UIO-66_v2_EQeq,0.15000000000000002,0.0,0.01,0.01,0.02,0.8099999999999999,0.0,0.0,,,,,,,,,,,,
UIO-66_v2_EQeq,0.15000000000000002,0.0,0.01,0.01,0.03,0.7999999999999999,0.0,0.0,,,,,,,,,,,,
UIO-66_v2_EQeq,0.1,0.0,0.01,0.03,0.0,0.86,1.2714717402,0.1929665483,0.0000000000,0.0000000000,0.0009242418,0.0006040069,0.7955827137,0.0776669208,0.0000000000,0.0000000000,8.6715949210,0.5996648973,10.7395736167,.8709023733
UIO-66_v2_EQeq,0.15000000000000002,0.0,0.01,0.02,0.0,0.82,1.8992609119,0.1162951674,0.0000000000,0.0000000000,0.0007316914,0.0002611880,0.5507173099,0.0506863562,0.0000000000,0.0000000000,8.1078128148,0.7475118305,10.5585227280,.9147545421
UIO-66_v2_EQeq,0.15000000000000002,0.0,0.01,0.02,0.01,0.8099999999999999,0.0,0.0,,,,,,,,,,,,
UIO-66_v2_EQeq,0.15000000000000002,0.0,0.01,0.02,0.02,0.8,0.0,0.0,,,,,,,,,,,,
UIO-66_v2_EQeq,0.15000000000000002,0.0,0.01,0.02,0.03,0.79,0.0,0.0,,,,,,,,,,,,
UIO-66_v2_EQeq,0.15000000000000002,0.0,0.01,0.03,0.0,0.8099999999999999,1.8784772392,0.1517833053,0.0000000000,0.0000000000,0.0008664767,0.0003221984,0.8035507994,0.0636783488,0.0000000000,0.0000000000,8.1281485719,0.4959286813,10.8110430872,.7117125338
UIO-66_v2_EQeq,0.15000000000000002,0.0,0.01,0.03,0.01,0.7999999999999999,0.0,0.0,,,,,,,,,,,,
UIO-66_v2_EQeq,0.15000000000000002,0.0,0.01,0.03,0.02,0.79,0.0,0.0,,,,,,,,,,,,
UIO-66_v2_EQeq,0.15000000000000002,0.0,0.01,0.03,0.03,0.78,0.0,0.0,,,,,,,,,,,,
UIO-66_v2_EQeq,0.15000000000000002,0.0,0.02,0.0,0.0,0.83,1.9695586283,0.1697170594,0.0000000000,0.0000000000,0.0016174231,0.0005633538,0.0000000000,0.0000000000,0.0000000000,0.0000000000,8.1848746310,0.4353759233,10.1560506824,.6056563365
UIO-66_v2_EQeq,0.15000000000000002,0.0,0.02,0.0,0.01,0.82,0.0,0.0,,,,,,,,,,,,
UIO-66_v2_EQeq,0.1,0.0,0.01,0.03,0.01,0.85,0.0,0.0,,,,,,,,,,,,
UIO-66_v2_EQeq,0.15000000000000002,0.0,0.02,0.0,0.02,0.81,0.0,0.0,,,,,,,,,,,,
UIO-66_v2_EQeq,0.15000000000000002,0.0,0.02,0.0,0.03,0.8,0.0,0.0,,,,,,,,,,,,
UIO-66_v2_EQeq,0.15000000000000002,0.0,0.02,0.01,0.0,0.82,1.9243235760,0.0939749260,0.0000000000,0.0000000000,0.0018292285,0.0005711967,0.2742860280,0.0272219450,0.0000000000,0.0000000000,8.2825397799,0.6595303150,10.4829786124,.7812983827
UIO-66_v2_EQeq,0.15000000000000002,0.0,0.02,0.01,0.01,0.8099999999999999,0.0,0.0,,,,,,,,,,,,
UIO-66_v2_EQeq,0.15000000000000002,0.0,0.02,0.01,0.02,0.8,0.0,0.0,,,,,,,,,,,,
UIO-66_v2_EQeq,0.15000000000000002,0.0,0.02,0.01,0.03,0.79,0.0,0.0,,,,,,,,,,,,
UIO-66_v2_EQeq,0.15000000000000002,0.0,0.02,0.02,0.0,0.81,1.9530539470,0.0799124431,0.0000000000,0.0000000000,0.0016944433,0.0010232381,0.5311035604,0.0803347165,0.0000000000,0.0000000000,8.3657558383,0.5179481433,10.8516077890,.6792185410
UIO-66_v2_EQeq,0.15000000000000002,0.0,0.02,0.02,0.01,0.8,0.0,0.0,,,,,,,,,,,,
UIO-66_v2_EQeq,0.15000000000000002,0.0,0.02,0.02,0.02,0.79,0.0,0.0,,,,,,,,,,,,
UIO-66_v2_EQeq,0.15000000000000002,0.0,0.02,0.02,0.03,0.78,0.0,0.0,,,,,,,,,,,,
UIO-66_v2_EQeq,0.1,0.0,0.0,0.0,0.03,0.87,0.0,0.0,,,,,,,,,,,,
UIO-66_v2_EQeq,0.1,0.0,0.01,0.03,0.02,0.84,0.0,0.0,,,,,,,,,,,,
UIO-66_v2_EQeq,0.15000000000000002,0.0,0.02,0.03,0.0,0.8,1.9386887615,0.1435230376,0.0000000000,0.0000000000,0.0014056177,0.0005252074,0.7948165516,0.0717716829,0.0000000000,0.0000000000,7.9721519093,0.4424877784,10.7070628401,.6583077063
UIO-66_v2_EQeq,0.15000000000000002,0.0,0.02,0.03,0.01,0.79,0.0,0.0,,,,,,,,,,,,
UIO-66_v2_EQeq,0.15000000000000002,0.0,0.02,0.03,0.02,0.78,0.0,0.0,,,,,,,,,,,,
UIO-66_v2_EQeq,0.15000000000000002,0.0,0.02,0.03,0.03,0.77,0.0,0.0,,,,,,,,,,,,
UIO-66_v2_EQeq,0.15000000000000002,0.0,0.03,0.0,0.0,0.82,2.0251855169,0.1830325003,0.0000000000,0.0000000000,0.0021565642,0.0010658320,0.0000000000,0.0000000000,0.0000000000,0.0000000000,8.3266897787,0.3224055738,10.3540318598,.5065039061
UIO-66_v2_EQeq,0.15000000000000002,0.0,0.03,0.0,0.01,0.8099999999999999,0.0,0.0,,,,,,,,,,,,
UIO-66_v2_EQeq,0.15000000000000002,0.0,0.03,0.0,0.02,0.8,0.0,0.0,,,,,,,,,,,,
UIO-66_v2_EQeq,0.15000000000000002,0.0,0.03,0.0,0.03,0.79,0.0,0.0,,,,,,,,,,,,
UIO-66_v2_EQeq,0.15000000000000002,0.0,0.03,0.01,0.0,0.8099999999999999,1.9090414637,0.2604846682,0.0000000000,0.0000000000,0.0021373091,0.0007447494,0.2781168385,0.0308906825,0.0000000000,0.0000000000,8.0548328162,0.5640319110,10.2441284275,.8561520111
UIO-66_v2_EQeq,0.15000000000000002,0.0,0.03,0.01,0.01,0.7999999999999999,0.0,0.0,,,,,,,,,,,,
UIO-66_v2_EQeq,0.1,0.0,0.01,0.03,0.03,0.83,0.0,0.0,,,,,,,,,,,,
UIO-66_v2_EQeq,0.15000000000000002,0.0,0.03,0.01,0.02,0.79,0.0,0.0,,,,,,,,,,,,
UIO-66_v2_EQeq,0.15000000000000002,0.0,0.03,0.01,0.03,0.78,0.0,0.0,,,,,,,,,,,,
UIO-66_v2_EQeq,0.15000000000000002,0.0,0.03,0.02,0.0,0.8,1.9393000460,0.1460445515,0.0000000000,0.0000000000,0.0022335843,0.0008730838,0.5174658752,0.0828169832,0.0000000000,0.0000000000,7.9478025160,0.3670788233,10.4068020215,.5968134418
UIO-66_v2_EQeq,0.15000000000000002,0.0,0.03,0.02,0.01,0.79,0.0,0.0,,,,,,,,,,,,
UIO-66_v2_EQeq,0.15000000000000002,0.0,0.03,0.02,0.02,0.78,0.0,0.0,,,,,,,,,,,,
UIO-66_v2_EQeq,0.15000000000000002,0.0,0.03,0.02,0.03,0.77,0.0,0.0,,,,,,,,,,,,
UIO-66_v2_EQeq,0.15000000000000002,0.0,0.03,0.03,0.0,0.79,1.8613612735,0.0779956851,0.0000000000,0.0000000000,0.0021565642,0.0006040069,0.8197934357,0.1198430339,0.0000000000,0.0000000000,7.7420367639,0.5637622314,10.4253480373,.7622049573
UIO-66_v2_EQeq,0.15000000000000002,0.0,0.03,0.03,0.01,0.78,0.0,0.0,,,,,,,,,,,,
UIO-66_v2_EQeq,0.15000000000000002,0.0,0.03,0.03,0.02,0.77,0.0,0.0,,,,,,,,,,,,
UIO-66_v2_EQeq,0.15000000000000002,0.0,0.03,0.03,0.03,0.76,0.0,0.0,,,,,,,,,,,,
UIO-66_v2_EQeq,0.1,0.0,0.02,0.0,0.0,0.88,1.3267929866,0.0951210523,0.0000000000,0.0000000000,0.0014633828,0.0007644032,0.0000000000,0.0000000000,0.0000000000,0.0000000000,8.5073034103,0.2591061873,9.8355597797,.3549916428
UIO-66_v2_EQeq,0.15000000000000002,0.04,0.0,0.0,0.0,0.8099999999999999,1.5331015021,0.0729301082,27.3952238579,1.2212376594,0.0000000000,0.0000000000,0.0000000000,0.0000000000,0.0000000000,0.0000000000,6.0667449903,0.1377492854,34.9950703503,1.4319170530
UIO-66_v2_EQeq,0.15000000000000002,0.04,0.0,0.0,0.01,0.7999999999999999,0.0,0.0,,,,,,,,,,,,
UIO-66_v2_EQeq,0.15000000000000002,0.04,0.0,0.0,0.02,0.79,0.0,0.0,,,,,,,,,,,,
UIO-66_v2_EQeq,0.15000000000000002,0.04,0.0,0.0,0.03,0.78,0.0,0.0,,,,,,,,,,,,
UIO-66_v2_EQeq,0.15000000000000002,0.04,0.0,0.01,0.0,0.7999999999999999,1.5211814545,0.1467923053,27.1312990798,1.9763070031,0.0000000000,0.0000000000,0.1901614306,0.0266712457,0.0000000000,0.0000000000,5.9383086301,0.0744918587,34.7809505950,2.2242624128
UIO-66_v2_EQeq,0.15000000000000002,0.04,0.0,0.01,0.01,0.7899999999999999,0.0,0.0,,,,,,,,,,,,
UIO-66_v2_EQeq,0.15000000000000002,0.04,0.0,0.01,0.02,0.78,0.0,0.0,,,,,,,,,,,,
UIO-66_v2_EQeq,0.15000000000000002,0.04,0.0,0.01,0.03,0.77,0.0,0.0,,,,,,,,,,,,
UIO-66_v2_EQeq,0.15000000000000002,0.04,0.0,0.02,0.0,0.79,1.5441046229,0.0453175830,27.1913966009,2.6767835958,0.0000000000,0.0000000000,0.3790970018,0.0416656950,0.0000000000,0.0000000000,6.0603231723,0.3677522800,35.1749213979,3.1315191538
UIO-66_v2_EQeq,0.15000000000000002,0.04,0.0,0.02,0.01,0.78,0.0,0.0,,,,,,,,,,,,
UIO-66_v2_EQeq,0.1,0.0,0.02,0.0,0.01,0.87,0.0,0.0,,,,,,,,,,,,
UIO-66_v2_EQeq,0.15000000000000002,0.04,0.0,0.02,0.02,0.77,0.0,0.0,,,,,,,,,,,,
UIO-66_v2_EQeq,0.15000000000000002,0.04,0.0,0.02,0.03,0.76,0.0,0.0,,,,,,,,,,,,
UIO-66_v2_EQeq,0.15000000000000002,0.04,0.0,0.03,0.0,0.78,1.5395199892,0.0891637587,27.6381355167,2.1085672514,0.0000000000,0.0000000000,0.5715569187,0.0316119629,0.0000000000,0.0000000000,5.7584977257,0.1218618816,35.5077101503,2.3512048546
UIO-66_v2_EQeq,0.15000000000000002,0.04,0.0,0.03,0.01,0.77,0.0,0.0,,,,,,,,,,,,
UIO-66_v2_EQeq,0.15000000000000002,0.04,0.0,0.03,0.02,0.76,0.0,0.0,,,,,,,,,,,,
UIO-66_v2_EQeq,0.15000000000000002,0.04,0.0,0.03,0.03,0.75,0.0,0.0,,,,,,,,,,,,
UIO-66_v2_EQeq,0.15000000000000002,0.04,0.01,0.0,0.0,0.7999999999999999,1.5294337951,0.0794763876,27.3767323129,1.8730516968,0.0006931813,0.0002554469,0.0000000000,0.0000000000,0.0000000000,0.0000000000,6.0169759007,0.2573550189,34.9238351900,2.2101385502
UIO-66_v2_EQeq,0.15000000000000002,0.04,0.01,0.0,0.01,0.7899999999999999,0.0,0.0,,,,,,,,,,,,
UIO-66_v2_EQeq,0.15000000000000002,0.04,0.01,0.0,0.02,0.78,0.0,0.0,,,,,,,,,,,,
UIO-66_v2_EQeq,0.15000000000000002,0.04,0.01,0.0,0.03,0.77,0.0,0.0,,,,,,,,,,,,
UIO-66_v2_EQeq,0.1,0.0,0.02,0.0,0.02,0.86,0.0,0.0,,,,,,,,,,,,
UIO-66_v2_EQeq,0.15000000000000002,0.04,0.01,0.01,0.0,0.7899999999999999,1.5349353556,0.0341225989,27.1657605954,2.0472550572,0.0005969062,0.0004457863,0.1953713328,0.0252531488,0.0000000000,0.0000000000,5.8583034807,0.1646441232,34.7549676707,2.2717207144
UIO-66_v2_EQeq,0.15000000000000002,0.04,0.01,0.01,0.01,0.7799999999999999,0.0,0.0,,,,,,,,,,,,
UIO-66_v2_EQeq,0.15000000000000002,0.04,0.01,0.01,0.02,0.77,0.0,0.0,,,,,,,,,,,,
UIO-66_v2_EQeq,0.15000000000000002,0.04,0.01,0.01,0.03,0.76,0.0,0.0,,,,,,,,,,,,
UIO-66_v2_EQeq,0.15000000000000002,0.04,0.01,0.02,0.0,0.78,1.5673334335,0.0795750606,28.1508556269,1.8508641735,0.0007316914,0.0004961676,0.3761855859,0.0418748061,0.0000000000,0.0000000000,5.7504704532,0.3010264058,35.8455767909,2.2738366136
UIO-66_v2_EQeq,0.15000000000000002,0.04,0.01,0.02,0.01,0.77,0.0,0.0,,,,,,,,,,,,
UIO-66_v2_EQeq,0.15000000000000002,0.04,0.01,0.02,0.02,0.76,0.0,0.0,,,,,,,,,,,,
UIO-66_v2_EQeq,0.15000000000000002,0.04,0.01,0.02,0.03,0.75,0.0,0.0,,,,,,,,,,,,
UIO-66_v2_EQeq,0.15000000000000002,0.04,0.01,0.03,0.0,0.77,1.5263773727,0.0751009706,26.7211229916,1.6357799790,0.0007124364,0.0003964855,0.5642017627,0.0547672469,0.0000000000,0.0000000000,5.6362156078,0.2277093218,34.4486301712,1.9937540038
UIO-66_v2_EQeq,0.15000000000000002,0.04,0.01,0.03,0.01,0.76,0.0,0.0,,,,,,,,,,,,
UIO-66_v2_EQeq,0.1,0.0,0.02,0.0,0.03,0.85,0.0,0.0,,,,,,,,,,,,
UIO-66_v2_EQeq,0.15000000000000002,0.04,0.01,0.03,0.02,0.75,0.0,0.0,,,,,,,,,,,,
UIO-66_v2_EQeq,0.15000000000000002,0.04,0.01,0.03,0.03,0.74,0.0,0.0,,,,,,,,,,,,
UIO-66_v2_EQeq,0.15000000000000002,0.04,0.02,0.0,0.0,0.79,1.5138460406,0.1572867185,27.0161471862,2.3669323804,0.0012515774,0.0005308247,0.0000000000,0.0000000000,0.0000000000,0.0000000000,6.0926998381,0.5165168513,34.6239446423,3.0412667749
UIO-66_v2_EQeq,0.15000000000000002,0.04,0.02,0.0,0.01,0.78,0.0,0.0,,,,,,,,,,,,
UIO-66_v2_EQeq,0.15000000000000002,0.04,0.02,0.0,0.02,0.77,0.0,0.0,,,,,,,,,,,,
UIO-66_v2_EQeq,0.15000000000000002,0.04,0.02,0.0,0.03,0.76,0.0,0.0,,,,,,,,,,,,
UIO-66_v2_EQeq,0.15000000000000002,0.04,0.02,0.01,0.0,0.78,1.5538851748,0.0645592828,27.4015277937,1.0939015758,0.0011553022,0.0002723073,0.1895485009,0.0164922507,0.0000000000,0.0000000000,5.8208428756,0.3528040809,34.9669596472,1.5280294975
UIO-66_v2_EQeq,0.15000000000000002,0.04,0.02,0.01,0.01,0.77,0.0,0.0,,,,,,,,,,,,
UIO-66_v2_EQeq,0.15000000000000002,0.04,0.02,0.01,0.02,0.76,0.0,0.0,,,,,,,,,,,,
UIO-66_v2_EQeq,0.15000000000000002,0.04,0.02,0.01,0.03,0.75,0.0,0.0,,,,,,,,,,,,
UIO-66_v2_EQeq,0.1,0.0,0.02,0.01,0.0,0.87,1.2840030722,0.0835561280,0.0000000000,0.0000000000,0.0012323224,0.0005363833,0.2716810769,0.0509469562,0.0000000000,0.0000000000,8.6592864365,0.8700065774,10.2162029080,1.0050460449
UIO-66_v2_EQeq,0.15000000000000002,0.04,0.02,0.02,0.0,0.77,1.4994808551,0.0592473125,27.8818877002,0.9671346984,0.0016559332,0.0007740429,0.3852262986,0.0231659849,0.0000000000,0.0000000000,5.4917247025,0.2127212070,35.2599754896,1.2630432457
UIO-66_v2_EQeq,0.15000000000000002,0.04,0.02,0.02,0.01,0.76,0.0,0.0,,,,,,,,,,,,
UIO-66_v2_EQeq,0.15000000000000002,0.04,0.02,0.02,0.02,0.75,0.0,0.0,,,,,,,,,,,,
UIO-66_v2_EQeq,0.15000000000000002,0.04,0.02,0.02,0.03,0.74,0.0,0.0,,,,,,,,,,,,
UIO-66_v2_EQeq,0.15000000000000002,0.04,0.02,0.03,0.0,0.76,1.5685560025,0.1072730262,27.5940079662,1.8492335800,0.0014248728,0.0007142555,0.5779926803,0.0447543602,0.0000000000,0.0000000000,5.5912628817,0.2826258652,35.3332444035,2.2846010871
UIO-66_v2_EQeq,0.15000000000000002,0.04,0.02,0.03,0.01,0.75,0.0,0.0,,,,,,,,,,,,
UIO-66_v2_EQeq,0.15000000000000002,0.04,0.02,0.03,0.02,0.74,0.0,0.0,,,,,,,,,,,,
UIO-66_v2_EQeq,0.15000000000000002,0.04,0.02,0.03,0.03,0.73,0.0,0.0,,,,,,,,,,,,
UIO-66_v2_EQeq,0.15000000000000002,0.04,0.03,0.0,0.0,0.78,1.4997864974,0.0780818735,27.8386006745,2.2028010338,0.0017714634,0.0007467381,0.0000000000,0.0000000000,0.0000000000,0.0000000000,5.7598356045,0.3627853560,35.0999942398,2.6444150014
UIO-66_v2_EQeq,0.15000000000000002,0.04,0.03,0.0,0.01,0.77,0.0,0.0,,,,,,,,,,,,
UIO-66_v2_EQeq,0.1,0.0,0.02,0.01,0.01,0.86,0.0,0.0,,,,,,,,,,,,
UIO-66_v2_EQeq,0.15000000000000002,0.04,0.03,0.0,0.02,0.76,0.0,0.0,,,,,,,,,,,,
UIO-66_v2_EQeq,0.15000000000000002,0.04,0.03,0.0,0.03,0.75,0.0,0.0,,,,,,,,,,,,
UIO-66_v2_EQeq,0.15000000000000002,0.04,0.03,0.01,0.0,0.77,1.5135403984,0.0885961924,27.6587283735,1.1850433521,0.0021373091,0.0009772761,0.1861773877,0.0127099802,0.0000000000,0.0000000000,5.6335398503,0.4634776579,34.9941233190,1.7508044587
UIO-66_v2_EQeq,0.15000000000000002,0.04,0.03,0.01,0.01,0.76,0.0,0.0,,,,,,,,,,,,
UIO-66_v2_EQeq,0.15000000000000002,0.04,0.03,0.01,0.02,0.75,0.0,0.0,,,,,,,,,,,,
UIO-66_v2_EQeq,0.15000000000000002,0.04,0.03,0.01,0.03,0.74,0.0,0.0,,,,,,,,,,,,
UIO-66_v2_EQeq,0.15000000000000002,0.04,0.03,0.02,0.0,0.76,1.5272942994,0.0659110964,27.3721094267,2.3074424276,0.0024453897,0.0008132832,0.3804760936,0.0212899337,0.0000000000,0.0000000000,5.5904601544,0.3366209289,34.8727853638,2.7320776698
UIO-66_v2_EQeq,0.15000000000000002,0.04,0.03,0.02,0.01,0.75,0.0,0.0,,,,,,,,,,,,
UIO-66_v2_EQeq,0.15000000000000002,0.04,0.03,0.02,0.02,0.74,0.0,0.0,,,,,,,,,,,,
UIO-66_v2_EQeq,0.15000000000000002,0.04,0.03,0.02,0.03,0.73,0.0,0.0,,,,,,,,,,,,
UIO-66_v2_EQeq,0.1,0.0,0.02,0.01,0.02,0.85,0.0,0.0,,,,,,,,,,,,
UIO-66_v2_EQeq,0.15000000000000002,0.04,0.03,0.03,0.0,0.75,1.5306563641,0.1053929628,27.2195541808,1.6259399336,0.0020025239,0.0014065406,0.5663470165,0.0440649119,0.0000000000,0.0000000000,5.6051768207,0.2451531304,34.9237369060,2.0219574793
UIO-66_v2_EQeq,0.15000000000000002,0.04,0.03,0.03,0.01,0.74,0.0,0.0,,,,,,,,,,,,
UIO-66_v2_EQeq,0.15000000000000002,0.04,0.03,0.03,0.02,0.73,0.0,0.0,,,,,,,,,,,,
UIO-66_v2_EQeq,0.15000000000000002,0.04,0.03,0.03,0.03,0.72,0.0,0.0,,,,,,,,,,,,
UIO-66_v2_EQeq,0.15000000000000002,0.08,0.0,0.0,0.0,0.77,1.3319889047,0.0791040866,44.2931338520,2.3200910717,0.0000000000,0.0000000000,0.0000000000,0.0000000000,0.0000000000,0.0000000000,4.8040550238,0.2804592136,50.4291777805,2.6796543719
UIO-66_v2_EQeq,0.15000000000000002,0.08,0.0,0.0,0.01,0.76,0.0,0.0,,,,,,,,,,,,
UIO-66_v2_EQeq,0.15000000000000002,0.08,0.0,0.0,0.02,0.75,0.0,0.0,,,,,,,,,,,,
UIO-66_v2_EQeq,0.15000000000000002,0.08,0.0,0.0,0.03,0.74,0.0,0.0,,,,,,,,,,,,
UIO-66_v2_EQeq,0.15000000000000002,0.08,0.0,0.01,0.0,0.76,1.2989795422,0.0650379121,44.4528335585,2.1213776219,0.0000000000,0.0000000000,0.1570632283,0.0167297242,0.0000000000,0.0000000000,4.6718726031,0.1115890334,50.5807489321,2.3147342916
UIO-66_v2_EQeq,0.15000000000000002,0.08,0.0,0.01,0.01,0.75,0.0,0.0,,,,,,,,,,,,
UIO-66_v2_EQeq,0.1,0.0,0.02,0.01,0.03,0.84,0.0,0.0,,,,,,,,,,,,
UIO-66_v2_EQeq,0.15000000000000002,0.08,0.0,0.01,0.02,0.74,0.0,0.0,,,,,,,,,,,,
UIO-66_v2_EQeq,0.15000000000000002,0.08,0.0,0.01,0.03,0.73,0.0,0.0,,,,,,,,,,,,
UIO-66_v2_EQeq,0.15000000000000002,0.08,0.0,0.02,0.0,0.75,1.3845593709,0.1263600600,43.7123312353,1.8986998773,0.0000000000,0.0000000000,0.3132070622,0.0359805902,0.0000000000,0.0000000000,4.6392283615,0.2737005657,50.0493260299,2.3347410932
UIO-66_v2_EQeq,0.15000000000000002,0.08,0.0,0.02,0.01,0.74,0.0,0.0,,,,,,,,,,,,
UIO-66_v2_EQeq,0.15000000000000002,0.08,0.0,0.02,0.02,0.73,0.0,0.0,,,,,,,,,,,,
UIO-66_v2_EQeq,0.15000000000000002,0.08,0.0,0.02,0.03,0.72,0.0,0.0,,,,,,,,,,,,
UIO-66_v2_EQeq,0.15000000000000002,0.08,0.0,0.03,0.0,0.74,1.2956174775,0.0378503092,44.3439856006,1.3133371011,0.0000000000,0.0000000000,0.4741011009,0.0319870608,0.0000000000,0.0000000000,4.5070459408,0.1531636879,50.6207501198,1.5363381590
UIO-66_v2_EQeq,0.15000000000000002,0.08,0.0,0.03,0.01,0.73,0.0,0.0,,,,,,,,,,,,
UIO-66_v2_EQeq,0.15000000000000002,0.08,0.0,0.03,0.02,0.72,0.0,0.0,,,,,,,,,,,,
UIO-66_v2_EQeq,0.15000000000000002,0.08,0.0,0.03,0.03,0.71,0.0,0.0,,,,,,,,,,,,
UIO-66_v2_EQeq,0.1,0.0,0.0,0.01,0.0,0.89,1.2916441283,0.0915580922,0.0000000000,0.0000000000,0.0000000000,0.0000000000,0.2670841044,0.0342720326,0.0000000000,0.0000000000,9.2570506631,1.1560156873,10.8157788958,1.2818458121
UIO-66_v2_EQeq,0.1,0.0,0.02,0.02,0.0,0.86,1.2528275632,0.0939351550,0.0000000000,0.0000000000,0.0014633828,0.0003927272,0.5565401418,0.0352447885,0.0000000000,0.0000000000,8.6199528012,0.5892234318,10.4307838890,.7187961025
UIO-66_v2_EQeq,0.15000000000000002,0.08,0.01,0.0,0.0,0.76,1.3374904651,0.1098170503,44.9794223274,1.7801584432,0.0007894565,0.0004778975,0.0000000000,0.0000000000,0.0000000000,0.0000000000,4.6686616941,0.2108157323,50.9863639431,2.1012691233
UIO-66_v2_EQeq,0.15000000000000002,0.08,0.01,0.0,0.01,0.75,0.0,0.0,,,,,,,,,,,,
UIO-66_v2_EQeq,0.15000000000000002,0.08,0.01,0.0,0.02,0.74,0.0,0.0,,,,,,,,,,,,
UIO-66_v2_EQeq,0.15000000000000002,0.08,0.01,0.0,0.03,0.73,0.0,0.0,,,,,,,,,,,,
UIO-66_v2_EQeq,0.15000000000000002,0.08,0.01,0.01,0.0,0.75,1.3277099133,0.0709037310,45.7421985570,1.3107379467,0.0006546713,0.0005223761,0.1518533261,0.0239238943,0.0000000000,0.0000000000,4.6550153308,0.2355615091,51.8774317985,1.6416494572
UIO-66_v2_EQeq,0.15000000000000002,0.08,0.01,0.01,0.01,0.74,0.0,0.0,,,,,,,,,,,,
UIO-66_v2_EQeq,0.15000000000000002,0.08,0.01,0.01,0.02,0.73,0.0,0.0,,,,,,,,,,,,
UIO-66_v2_EQeq,0.15000000000000002,0.08,0.01,0.01,0.03,0.72,0.0,0.0,,,,,,,,,,,,
UIO-66_v2_EQeq,0.15000000000000002,0.08,0.01,0.02,0.0,0.74,1.3429920255,0.0943519146,44.0897268574,1.5942541560,0.0006931813,0.0003733690,0.2942062423,0.0263631020,0.0000000000,0.0000000000,4.5675180604,0.2416669758,50.2951363669,1.9570095174
UIO-66_v2_EQeq,0.15000000000000002,0.08,0.01,0.02,0.01,0.73,0.0,0.0,,,,,,,,,,,,
UIO-66_v2_EQeq,0.1,0.0,0.02,0.02,0.01,0.85,0.0,0.0,,,,,,,,,,,,
UIO-66_v2_EQeq,0.15000000000000002,0.08,0.01,0.02,0.02,0.72,0.0,0.0,,,,,,,,,,,,
UIO-66_v2_EQeq,0.15000000000000002,0.08,0.01,0.02,0.03,0.71,0.0,0.0,,,,,,,,,,,,
UIO-66_v2_EQeq,0.15000000000000002,0.08,0.01,0.03,0.0,0.73,1.3316832625,0.0728583417,42.4322120092,1.1308429139,0.0005776511,0.0005166669,0.4685847339,0.0256882620,0.0000000000,0.0000000000,4.5249735161,0.1453150665,48.7580311728,1.3752212510
UIO-66_v2_EQeq,0.15000000000000002,0.08,0.01,0.03,0.01,0.72,0.0,0.0,,,,,,,,,,,,
UIO-66_v2_EQeq,0.15000000000000002,0.08,0.01,0.03,0.02,0.71,0.0,0.0,,,,,,,,,,,,
UIO-66_v2_EQeq,0.15000000000000002,0.08,0.01,0.03,0.03,0.7,0.0,0.0,,,,,,,,,,,,
UIO-66_v2_EQeq,0.15000000000000002,0.08,0.02,0.0,0.0,0.75,1.3249591331,0.0742402434,44.3696216062,3.0663311337,0.0012900875,0.0004961676,0.0000000000,0.0000000000,0.0000000000,0.0000000000,4.6571559368,0.1581823108,50.3530267636,3.2992498555
UIO-66_v2_EQeq,0.15000000000000002,0.08,0.02,0.0,0.01,0.74,0.0,0.0,,,,,,,,,,,,
UIO-66_v2_EQeq,0.15000000000000002,0.08,0.02,0.0,0.02,0.73,0.0,0.0,,,,,,,,,,,,
UIO-66_v2_EQeq,0.15000000000000002,0.08,0.02,0.0,0.03,0.72,0.0,0.0,,,,,,,,,,,,
UIO-66_v2_EQeq,0.1,0.0,0.02,0.02,0.02,0.84,0.0,0.0,,,,,,,,,,,,
UIO-66_v2_EQeq,0.15000000000000002,0.08,0.02,0.01,0.0,0.74,1.3231252796,0.0674742898,43.5219523747,1.8576726977,0.0011167922,0.0006736512,0.1518533261,0.0260837405,0.0000000000,0.0000000000,4.6392283615,0.2104486254,49.6372761341,2.1623530046
UIO-66_v2_EQeq,0.15000000000000002,0.08,0.02,0.01,0.01,0.73,0.0,0.0,,,,,,,,,,,,
UIO-66_v2_EQeq,0.15000000000000002,0.08,0.02,0.01,0.02,0.72,0.0,0.0,,,,,,,,,,,,
UIO-66_v2_EQeq,0.15000000000000002,0.08,0.02,0.01,0.03,0.71,0.0,0.0,,,,,,,,,,,,
UIO-66_v2_EQeq,0.15000000000000002,0.08,0.02,0.02,0.0,0.73,1.2852256412,0.0717576134,44.5868972594,1.6089905556,0.0011553022,0.0008259491,0.3052389764,0.0248897752,0.0000000000,0.0000000000,4.4211541249,0.1181897568,50.5996713041,1.8246536501
UIO-66_v2_EQeq,0.15000000000000002,0.08,0.02,0.02,0.01,0.72,0.0,0.0,,,,,,,,,,,,
UIO-66_v2_EQeq,0.15000000000000002,0.08,0.02,0.02,0.02,0.71,0.0,0.0,,,,,,,,,,,,
UIO-66_v2_EQeq,0.15000000000000002,0.08,0.02,0.02,0.03,0.7,0.0,0.0,,,,,,,,,,,,
UIO-66_v2_EQeq,0.15000000000000002,0.08,0.02,0.03,0.0,0.72,1.3118165165,0.1415833062,44.1380570318,1.2771441303,0.0012708325,0.0010071691,0.4741011009,0.0209743781,0.0000000000,0.0000000000,4.4380113972,0.2278853300,50.3632568789,1.6685943137
UIO-66_v2_EQeq,0.15000000000000002,0.08,0.02,0.03,0.01,0.71,0.0,0.0,,,,,,,,,,,,
UIO-66_v2_EQeq,0.1,0.0,0.02,0.02,0.03,0.83,0.0,0.0,,,,,,,,,,,,
UIO-66_v2_EQeq,0.15000000000000002,0.08,0.02,0.03,0.02,0.7,0.0,0.0,,,,,,,,,,,,
UIO-66_v2_EQeq,0.15000000000000002,0.08,0.02,0.03,0.03,0.69,0.0,0.0,,,,,,,,,,,,
UIO-66_v2_EQeq,0.15000000000000002,0.08,0.03,0.0,0.0,0.74,1.3219027106,0.0797720405,43.2075961104,3.0531712612,0.0020795440,0.0007467381,0.0000000000,0.0000000000,0.0000000000,0.0000000000,4.6798998756,0.3365247781,49.2114782406,3.4702148179
UIO-66_v2_EQeq,0.15000000000000002,0.08,0.03,0.0,0.01,0.73,0.0,0.0,,,,,,,,,,,,
UIO-66_v2_EQeq,0.15000000000000002,0.08,0.03,0.0,0.02,0.72,0.0,0.0,,,,,,,,,,,,
UIO-66_v2_EQeq,0.15000000000000002,0.08,0.03,0.0,0.03,0.71,0.0,0.0,,,,,,,,,,,,
UIO-66_v2_EQeq,0.15000000000000002,0.08,0.03,0.01,0.0,0.73,1.3353509694,0.0678883649,44.5843756851,2.5303378052,0.0018869937,0.0004653190,0.1559906014,0.0168304729,0.0000000000,0.0000000000,4.5201571526,0.1442687457,50.5977614022,2.7597907077
UIO-66_v2_EQeq,0.15000000000000002,0.08,0.03,0.01,0.01,0.72,0.0,0.0,,,,,,,,,,,,
UIO-66_v2_EQeq,0.15000000000000002,0.08,0.03,0.01,0.02,0.71,0.0,0.0,,,,,,,,,,,,
UIO-66_v2_EQeq,0.15000000000000002,0.08,0.03,0.01,0.03,0.7,0.0,0.0,,,,,,,,,,,,
UIO-66_v2_EQeq,0.1,0.0,0.02,0.03,0.0,0.85,1.2821692187,0.1470136022,0.0000000000,0.0000000000,0.0015211480,0.0005223761,0.8243904082,0.0652489473,0.0000000000,0.0000000000,8.6627649213,1.0684886383,10.7708456962,1.2812735639
UIO-66_v2_EQeq,0.15000000000000002,0.08,0.03,0.02,0.0,0.72,1.2950061930,0.1189824081,44.4019818098,2.4061122299,0.0019447588,0.0004111751,0.3098359490,0.0145239761,0.0000000000,0.0000000000,4.4473765485,0.0770023319,50.4561452591,2.6170321211
UIO-66_v2_EQeq,0.15000000000000002,0.08,0.03,0.02,0.01,0.71,0.0,0.0,,,,,,,,,,,,
UIO-66_v2_EQeq,0.15000000000000002,0.08,0.03,0.02,0.02,0.7,0.0,0.0,,,,,,,,,,,,
UIO-66_v2_EQeq,0.15000000000000002,0.08,0.03,0.02,0.03,0.69,0.0,0.0,,,,,,,,,,,,
UIO-66_v2_EQeq,0.15000000000000002,0.08,0.03,0.03,0.0,0.71,1.3124278010,0.0977176068,44.7129759751,2.3749080576,0.0015596580,0.0003733690,0.4583181619,0.0643313417,0.0000000000,0.0000000000,4.2988720070,0.3017533253,50.7841536030,2.8390837004
UIO-66_v2_EQeq,0.15000000000000002,0.08,0.03,0.03,0.01,0.7,0.0,0.0,,,,,,,,,,,,
UIO-66_v2_EQeq,0.15000000000000002,0.08,0.03,0.03,0.02,0.69,0.0,0.0,,,,,,,,,,,,
UIO-66_v2_EQeq,0.15000000000000002,0.08,0.03,0.03,0.03,0.6799999999999999,0.0,0.0,,,,,,,,,,,,
UIO-66_v2_EQeq,0.15000000000000002,0.12,0.0,0.0,0.0,0.73,1.2179843472,0.0669070352,56.1764730630,1.5583746336,0.0000000000,0.0000000000,0.0000000000,0.0000000000,0.0000000000,0.0000000000,4.0240717112,0.1631852346,61.4185291214,1.7884669034
UIO-66_v2_EQeq,0.15000000000000002,0.12,0.0,0.0,0.01,0.72,0.0,0.0,,,,,,,,,,,,
UIO-66_v2_EQeq,0.1,0.0,0.02,0.03,0.01,0.84,0.0,0.0,,,,,,,,,,,,
UIO-66_v2_EQeq,0.15000000000000002,0.12,0.0,0.0,0.02,0.71,0.0,0.0,,,,,,,,,,,,
UIO-66_v2_EQeq,0.15000000000000002,0.12,0.0,0.0,0.03,0.7,0.0,0.0,,,,,,,,,,,,
UIO-66_v2_EQeq,0.15000000000000002,0.12,0.0,0.01,0.0,0.72,1.2402962312,0.1007525914,56.8123300521,1.7935282136,0.0000000000,0.0000000000,0.1313201821,0.0220484358,0.0000000000,0.0000000000,3.9986520149,0.0648924984,62.1825984803,1.9812217392
UIO-66_v2_EQeq,0.15000000000000002,0.12,0.0,0.01,0.01,0.71,0.0,0.0,,,,,,,,,,,,
UIO-66_v2_EQeq,0.15000000000000002,0.12,0.0,0.01,0.02,0.7,0.0,0.0,,,,,,,,,,,,
UIO-66_v2_EQeq,0.15000000000000002,0.12,0.0,0.01,0.03,0.69,0.0,0.0,,,,,,,,,,,,
UIO-66_v2_EQeq,0.15000000000000002,0.12,0.0,0.02,0.0,0.71,1.2317382483,0.0930679382,56.7110468172,2.2780990823,0.0000000000,0.0000000000,0.2623338994,0.0238885359,0.0000000000,0.0000000000,3.8509502007,0.1155555549,62.0560691656,2.5106111113
UIO-66_v2_EQeq,0.15000000000000002,0.12,0.0,0.02,0.01,0.7,0.0,0.0,,,,,,,,,,,,
UIO-66_v2_EQeq,0.15000000000000002,0.12,0.0,0.02,0.02,0.69,0.0,0.0,,,,,,,,,,,,
UIO-66_v2_EQeq,0.15000000000000002,0.12,0.0,0.02,0.03,0.6799999999999999,0.0,0.0,,,,,,,,,,,,
UIO-66_v2_EQeq,0.1,0.0,0.02,0.03,0.02,0.83,0.0,0.0,,,,,,,,,,,,
UIO-66_v2_EQeq,0.15000000000000002,0.12,0.0,0.03,0.0,0.7,0.0,0.0,,,,,,,,,,,,
UIO-66_v2_EQeq,0.15000000000000002,0.12,0.0,0.03,0.01,0.69,0.0,0.0,,,,,,,,,,,,
UIO-66_v2_EQeq,0.15000000000000002,0.12,0.0,0.03,0.02,0.6799999999999999,0.0,0.0,,,,,,,,,,,,
UIO-66_v2_EQeq,0.15000000000000002,0.12,0.0,0.03,0.03,0.6699999999999999,0.0,0.0,,,,,,,,,,,,
UIO-66_v2_EQeq,0.15000000000000002,0.12,0.01,0.0,0.0,0.72,1.2201238430,0.1065390130,56.6669192668,4.0206224568,0.0005583961,0.0005763660,0.0000000000,0.0000000000,0.0000000000,0.0000000000,3.9210550473,0.1521788711,61.8086565532,4.2799167069
UIO-66_v2_EQeq,0.15000000000000002,0.12,0.01,0.0,0.01,0.71,0.0,0.0,,,,,,,,,,,,
UIO-66_v2_EQeq,0.15000000000000002,0.12,0.01,0.0,0.02,0.7,0.0,0.0,,,,,,,,,,,,
UIO-66_v2_EQeq,0.15000000000000002,0.12,0.01,0.0,0.03,0.69,0.0,0.0,,,,,,,,,,,,
UIO-66_v2_EQeq,0.15000000000000002,0.12,0.01,0.01,0.0,0.71,1.2130940713,0.0496384085,57.3939731936,2.4795204364,0.0006161612,0.0002611880,0.1284087662,0.0211349670,0.0000000000,0.0000000000,3.7950268688,0.1487162816,62.5311190611,2.6992712815
UIO-66_v2_EQeq,0.15000000000000002,0.12,0.01,0.01,0.01,0.7,0.0,0.0,,,,,,,,,,,,
UIO-66_v2_EQeq,0.1,0.0,0.02,0.03,0.03,0.82,0.0,0.0,,,,,,,,,,,,
UIO-66_v2_EQeq,0.15000000000000002,0.12,0.01,0.01,0.02,0.69,0.0,0.0,,,,,,,,,,,,
UIO-66_v2_EQeq,0.15000000000000002,0.12,0.01,0.01,0.03,0.6799999999999999,0.0,0.0,,,,,,,,,,,,
UIO-66_v2_EQeq,0.15000000000000002,0.12,0.01,0.02,0.0,0.7,1.2051473729,0.0729864466,56.5084803475,1.4088082799,0.0006161612,0.0004653190,0.2722940066,0.0231700388,0.0000000000,0.0000000000,3.7725505058,0.1523481489,61.7590883940,1.6577782332
UIO-66_v2_EQeq,0.15000000000000002,0.12,0.01,0.02,0.01,0.69,0.0,0.0,,,,,,,,,,,,
UIO-66_v2_EQeq,0.15000000000000002,0.12,0.01,0.02,0.02,0.6799999999999999,0.0,0.0,,,,,,,,,,,,
UIO-66_v2_EQeq,0.15000000000000002,0.12,0.01,0.02,0.03,0.6699999999999999,0.0,0.0,,,,,,,,,,,,
UIO-66_v2_EQeq,0.15000000000000002,0.12,0.01,0.03,0.0,0.69,1.2253197611,0.0754979654,57.3864084707,1.0403150336,0.0005006310,0.0004457863,0.3907426656,0.0318192567,0.0000000000,0.0000000000,3.6746177811,0.1095244780,62.6775893095,1.2576025200
UIO-66_v2_EQeq,0.15000000000000002,0.12,0.01,0.03,0.01,0.6799999999999999,0.0,0.0,,,,,,,,,,,,
UIO-66_v2_EQeq,0.15000000000000002,0.12,0.01,0.03,0.02,0.6699999999999999,0.0,0.0,,,,,,,,,,,,
UIO-66_v2_EQeq,0.15000000000000002,0.12,0.01,0.03,0.03,0.6599999999999999,0.0,0.0,,,,,,,,,,,,
UIO-66_v2_EQeq,0.1,0.0,0.03,0.0,0.0,0.87,1.2965344043,0.1685483276,0.0000000000,0.0000000000,0.0023876246,0.0010362001,0.0000000000,0.0000000000,0.0000000000,0.0000000000,8.6675812848,0.7994267873,9.9665033137,.9690113150
UIO-66_v2_EQeq,0.15000000000000002,0.12,0.02,0.0,0.0,0.71,1.1852806270,0.0866774680,57.4692001606,2.4986942490,0.0011360472,0.0007142555,0.0000000000,0.0000000000,0.0000000000,0.0000000000,3.8217844439,0.1078645609,62.4774012787,2.6939505334
UIO-66_v2_EQeq,0.15000000000000002,0.12,0.02,0.0,0.01,0.7,0.0,0.0,,,,,,,,,,,,
UIO-66_v2_EQeq,0.15000000000000002,0.12,0.02,0.0,0.02,0.69,0.0,0.0,,,,,,,,,,,,
UIO-66_v2_EQeq,0.15000000000000002,0.12,0.02,0.0,0.03,0.6799999999999999,0.0,0.0,,,,,,,,,,,,
UIO-66_v2_EQeq,0.15000000000000002,0.12,0.02,0.01,0.0,0.7,1.1718323682,0.1299378614,57.2678944780,2.5244201246,0.0015018929,0.0004322745,0.1328525063,0.0142629670,0.0000000000,0.0000000000,3.7958295961,0.1699592639,62.3699108415,2.8390124914
UIO-66_v2_EQeq,0.15000000000000002,0.12,0.02,0.01,0.01,0.69,0.0,0.0,,,,,,,,,,,,
UIO-66_v2_EQeq,0.15000000000000002,0.12,0.02,0.01,0.02,0.6799999999999999,0.0,0.0,,,,,,,,,,,,
UIO-66_v2_EQeq,0.15000000000000002,0.12,0.02,0.01,0.03,0.6699999999999999,0.0,0.0,,,,,,,,,,,,
UIO-66_v2_EQeq,0.15000000000000002,0.12,0.02,0.02,0.0,0.69,1.1907821874,0.0498262484,56.7093657677,1.1206959822,0.0010975371,0.0006161612,0.2503817708,0.0136161468,0.0000000000,0.0000000000,3.7883374751,0.1717044245,61.9399647381,1.3564589631
UIO-66_v2_EQeq,0.15000000000000002,0.12,0.02,0.02,0.01,0.6799999999999999,0.0,0.0,,,,,,,,,,,,
UIO-66_v2_EQeq,0.1,0.0,0.03,0.0,0.01,0.86,0.0,0.0,,,,,,,,,,,,
UIO-66_v2_EQeq,0.15000000000000002,0.12,0.02,0.02,0.02,0.6699999999999999,0.0,0.0,,,,,,,,,,,,
UIO-66_v2_EQeq,0.15000000000000002,0.12,0.02,0.02,0.03,0.6599999999999999,0.0,0.0,,,,,,,,,,,,
UIO-66_v2_EQeq,0.15000000000000002,0.12,0.02,0.03,0.0,0.6799999999999999,1.2054530152,0.0524209865,55.0140273048,2.5221001462,0.0010782821,0.0002245504,0.4003963079,0.0439069038,0.0000000000,0.0000000000,3.7915483841,0.1540176804,60.4125032941,2.7726702673
UIO-66_v2_EQeq,0.15000000000000002,0.12,0.02,0.03,0.01,0.6699999999999999,0.0,0.0,,,,,,,,,,,,
UIO-66_v2_EQeq,0.15000000000000002,0.12,0.02,0.03,0.02,0.6599999999999999,0.0,0.0,,,,,,,,,,,,
UIO-66_v2_EQeq,0.15000000000000002,0.12,0.02,0.03,0.03,0.6499999999999999,0.0,0.0,,,,,,,,,,,,
UIO-66_v2_EQeq,0.15000000000000002,0.12,0.03,0.0,0.0,0.7,1.1813072778,0.0318806986,56.6097635824,1.7717703938,0.0017907185,0.0004147662,0.0000000000,0.0000000000,0.0000000000,0.0000000000,3.8373038374,0.1061894854,61.6301654161,1.9102553440
UIO-66_v2_EQeq,0.15000000000000002,0.12,0.03,0.0,0.01,0.69,0.0,0.0,,,,,,,,,,,,
UIO-66_v2_EQeq,0.15000000000000002,0.12,0.03,0.0,0.02,0.6799999999999999,0.0,0.0,,,,,,,,,,,,
UIO-66_v2_EQeq,0.15000000000000002,0.12,0.03,0.0,0.03,0.6699999999999999,0.0,0.0,,,,,,,,,,,,
UIO-66_v2_EQeq,0.1,0.0,0.0,0.01,0.01,0.88,0.0,0.0,,,,,,,,,,,,
UIO-66_v2_EQeq,0.1,0.0,0.03,0.0,0.02,0.85,0.0,0.0,,,,,,,,,,,,
UIO-66_v2_EQeq,0.15000000000000002,0.12,0.03,0.01,0.0,0.69,1.1996458125,0.1385877795,56.1605030923,2.9438887841,0.0021950743,0.0010851371,0.1248844206,0.0160711516,0.0000000000,0.0000000000,3.7671989908,0.1269042703,61.2544273905,3.2265371226
UIO-66_v2_EQeq,0.15000000000000002,0.12,0.03,0.01,0.01,0.6799999999999999,0.0,0.0,,,,,,,,,,,,
UIO-66_v2_EQeq,0.15000000000000002,0.12,0.03,0.01,0.02,0.6699999999999999,0.0,0.0,,,,,,,,,,,,
UIO-66_v2_EQeq,0.15000000000000002,0.12,0.03,0.01,0.03,0.6599999999999999,0.0,0.0,,,,,,,,,,,,
UIO-66_v2_EQeq,0.15000000000000002,0.12,0.03,0.02,0.0,0.6799999999999999,1.1920047564,0.0547773666,57.4498680909,1.8340435400,0.0016751882,0.0008132832,0.2646323857,0.0239474376,0.0000000000,0.0000000000,3.6366220246,0.1721525070,62.5448024458,2.0857341344
UIO-66_v2_EQeq,0.15000000000000002,0.12,0.03,0.02,0.01,0.6699999999999999,0.0,0.0,,,,,,,,,,,,
UIO-66_v2_EQeq,0.15000000000000002,0.12,0.03,0.02,0.02,0.6599999999999999,0.0,0.0,,,,,,,,,,,,
UIO-66_v2_EQeq,0.15000000000000002,0.12,0.03,0.02,0.03,0.6499999999999999,0.0,0.0,,,,,,,,,,,,
UIO-66_v2_EQeq,0.15000000000000002,0.12,0.03,0.03,0.0,0.6699999999999999,1.2094263644,0.1185103912,57.0010278632,3.0835251221,0.0014826379,0.0003773201,0.3985575189,0.0326841551,0.0000000000,0.0000000000,3.6649850541,0.2012667728,62.2754794385,3.4363637613
UIO-66_v2_EQeq,0.15000000000000002,0.12,0.03,0.03,0.01,0.6599999999999999,0.0,0.0,,,,,,,,,,,,
UIO-66_v2_EQeq,0.1,0.0,0.03,0.0,0.03,0.84,0.0,0.0,,,,,,,,,,,,
UIO-66_v2_EQeq,0.15000000000000002,0.12,0.03,0.03,0.02,0.6499999999999999,0.0,0.0,,,,,,,,,,,,
UIO-66_v2_EQeq,0.15000000000000002,0.12,0.03,0.03,0.03,0.6399999999999999,0.0,0.0,,,,,,,,,,,,
UIO-66_v2_EQeq,0.2,0.0,0.0,0.0,0.0,0.8,2.5774810540,0.2392661514,0.0000000000,0.0000000000,0.0000000000,0.0000000000,0.0000000000,0.0000000000,0.0000000000,0.0000000000,8.0759713005,0.6719073779,10.6534523545,.9111735293
UIO-66_v2_EQeq,0.2,0.0,0.0,0.0,0.01,0.79,0.0,0.0,,,,,,,,,,,,
UIO-66_v2_EQeq,0.2,0.0,0.0,0.0,0.02,0.78,0.0,0.0,,,,,,,,,,,,
UIO-66_v2_EQeq,0.2,0.0,0.0,0.0,0.03,0.77,0.0,0.0,,,,,,,,,,,,
UIO-66_v2_EQeq,0.2,0.0,0.0,0.01,0.0,0.79,2.6150750502,0.1357464536,0.0000000000,0.0000000000,0.0000000000,0.0000000000,0.2676970340,0.0143940632,0.0000000000,0.0000000000,8.3253518999,0.3596098631,11.2081239841,.5097503799
UIO-66_v2_EQeq,0.2,0.0,0.0,0.01,0.01,0.78,0.0,0.0,,,,,,,,,,,,
UIO-66_v2_EQeq,0.2,0.0,0.0,0.01,0.02,0.77,0.0,0.0,,,,,,,,,,,,
UIO-66_v2_EQeq,0.2,0.0,0.0,0.01,0.03,0.76,0.0,0.0,,,,,,,,,,,,
UIO-66_v2_EQeq,0.1,0.0,0.03,0.01,0.0,0.86,1.2794184385,0.1101907059,0.0000000000,0.0000000000,0.0023876246,0.0016935678,0.2814879517,0.0282147446,0.0000000000,0.0000000000,8.6124606802,0.3133292615,10.1757546950,.4534282798
UIO-66_v2_EQeq,0.2,0.0,0.0,0.02,0.0,0.78,2.5420265536,0.0886383590,0.0000000000,0.0000000000,0.0000000000,0.0000000000,0.5468864994,0.0338972829,0.0000000000,0.0000000000,7.5325249513,0.8504084402,10.6214380043,.9729440821
UIO-66_v2_EQeq,0.2,0.0,0.0,0.02,0.01,0.77,0.0,0.0,,,,,,,,,,,,
UIO-66_v2_EQeq,0.2,0.0,0.0,0.02,0.02,0.76,0.0,0.0,,,,,,,,,,,,
UIO-66_v2_EQeq,0.2,0.0,0.0,0.02,0.03,0.75,0.0,0.0,,,,,,,,,,,,
UIO-66_v2_EQeq,0.2,0.0,0.0,0.03,0.0,0.77,2.4808981045,0.1547479697,0.0000000000,0.0000000000,0.0000000000,0.0000000000,0.7615651169,0.0928391202,0.0000000000,0.0000000000,7.5753370714,0.3540802720,10.8178002928,.6016673619
UIO-66_v2_EQeq,0.2,0.0,0.0,0.03,0.01,0.76,0.0,0.0,,,,,,,,,,,,
UIO-66_v2_EQeq,0.2,0.0,0.0,0.03,0.02,0.75,0.0,0.0,,,,,,,,,,,,
UIO-66_v2_EQeq,0.2,0.0,0.0,0.03,0.03,0.74,0.0,0.0,,,,,,,,,,,,
UIO-66_v2_EQeq,0.2,0.0,0.01,0.0,0.0,0.79,2.6658116629,0.2627072885,0.0000000000,0.0000000000,0.0007509465,0.0004457863,0.0000000000,0.0000000000,0.0000000000,0.0000000000,8.1369785716,0.8565416995,10.8035411810,1.1196947743
UIO-66_v2_EQeq,0.2,0.0,0.01,0.0,0.01,0.78,0.0,0.0,,,,,,,,,,,,
UIO-66_v2_EQeq,0.1,0.0,0.03,0.01,0.01,0.85,0.0,0.0,,,,,,,,,,,,
UIO-66_v2_EQeq,0.2,0.0,0.01,0.0,0.02,0.77,0.0,0.0,,,,,,,,,,,,
UIO-66_v2_EQeq,0.2,0.0,0.01,0.0,0.03,0.76,0.0,0.0,,,,,,,,,,,,
UIO-66_v2_EQeq,0.2,0.0,0.01,0.01,0.0,0.78,2.6059057828,0.1804418216,0.0000000000,0.0000000000,0.0008472216,0.0004931696,0.2759715846,0.0305144191,0.0000000000,0.0000000000,8.1035316028,0.3925145650,10.9862561918,.6039639753
UIO-66_v2_EQeq,0.2,0.0,0.01,0.01,0.01,0.77,0.0,0.0,,,,,,,,,,,,
UIO-66_v2_EQeq,0.2,0.0,0.01,0.01,0.02,0.76,0.0,0.0,,,,,,,,,,,,
UIO-66_v2_EQeq,0.2,0.0,0.01,0.01,0.03,0.75,0.0,0.0,,,,,,,,,,,,
UIO-66_v2_EQeq,0.2,0.0,0.01,0.02,0.0,0.77,2.5591425193,0.2059547993,0.0000000000,0.0000000000,0.0005198860,0.0002611880,0.5111833461,0.0442775406,0.0000000000,0.0000000000,7.9424510010,0.5638160760,11.0132967524,.8143096039
UIO-66_v2_EQeq,0.2,0.0,0.01,0.02,0.01,0.76,0.0,0.0,,,,,,,,,,,,
UIO-66_v2_EQeq,0.2,0.0,0.01,0.02,0.02,0.75,0.0,0.0,,,,,,,,,,,,
UIO-66_v2_EQeq,0.2,0.0,0.01,0.02,0.03,0.74,0.0,0.0,,,,,,,,,,,,
UIO-66_v2_EQeq,0.1,0.0,0.03,0.01,0.02,0.84,0.0,0.0,,,,,,,,,,,,
UIO-66_v2_EQeq,0.2,0.0,0.01,0.03,0.0,0.76,2.5368306354,0.1477867963,0.0000000000,0.0000000000,0.0007702015,0.0004716502,0.8037040318,0.0963928131,0.0000000000,0.0000000000,7.4260298026,0.8568118140,10.7673346713,1.1014630736
UIO-66_v2_EQeq,0.2,0.0,0.01,0.03,0.01,0.75,0.0,0.0,,,,,,,,,,,,
UIO-66_v2_EQeq,0.2,0.0,0.01,0.03,0.02,0.74,0.0,0.0,,,,,,,,,,,,
UIO-66_v2_EQeq,0.2,0.0,0.01,0.03,0.03,0.73,0.0,0.0,,,,,,,,,,,,
UIO-66_v2_EQeq,0.2,0.0,0.02,0.0,0.0,0.78,2.5994872957,0.2233406334,0.0000000000,0.0000000000,0.0014826379,0.0003357230,0.0000000000,0.0000000000,0.0000000000,0.0000000000,7.5547337386,0.1413286380,10.1557036722,.3650049944
UIO-66_v2_EQeq,0.2,0.0,0.02,0.0,0.01,0.77,0.0,0.0,,,,,,,,,,,,
UIO-66_v2_EQeq,0.2,0.0,0.02,0.0,0.02,0.76,0.0,0.0,,,,,,,,,,,,
UIO-66_v2_EQeq,0.2,0.0,0.02,0.0,0.03,0.75,0.0,0.0,,,,,,,,,,,,
UIO-66_v2_EQeq,0.2,0.0,0.02,0.01,0.0,0.77,2.5414152691,0.2719151178,0.0000000000,0.0000000000,0.0014633828,0.0004931696,0.2744392604,0.0204988095,0.0000000000,0.0000000000,7.7134061586,0.5300231890,10.5307240709,.8229302859
UIO-66_v2_EQeq,0.2,0.0,0.02,0.01,0.01,0.76,0.0,0.0,,,,,,,,,,,,
UIO-66_v2_EQeq,0.1,0.0,0.03,0.01,0.03,0.83,0.0,0.0,,,,,,,,,,,,
UIO-66_v2_EQeq,0.2,0.0,0.02,0.01,0.02,0.75,0.0,0.0,,,,,,,,,,,,
UIO-66_v2_EQeq,0.2,0.0,0.02,0.01,0.03,0.74,0.0,0.0,,,,,,,,,,,,
UIO-66_v2_EQeq,0.2,0.0,0.02,0.02,0.0,0.76,2.5025987040,0.1462567606,0.0000000000,0.0000000000,0.0014056177,0.0008915727,0.5139415296,0.0607187202,0.0000000000,0.0000000000,7.4832910132,0.4904528475,10.5012368645,.6983199010
UIO-66_v2_EQeq,0.2,0.0,0.02,0.02,0.01,0.75,0.0,0.0,,,,,,,,,,,,
UIO-66_v2_EQeq,0.2,0.0,0.02,0.02,0.02,0.74,0.0,0.0,,,,,,,,,,,,
UIO-66_v2_EQeq,0.2,0.0,0.02,0.02,0.03,0.73,0.0,0.0,,,,,,,,,,,,
UIO-66_v2_EQeq,0.2,0.0,0.02,0.03,0.0,0.75,2.5279670103,0.1339313019,0.0000000000,0.0000000000,0.0017522084,0.0007929710,0.8000264538,0.0608191801,0.0000000000,0.0000000000,7.3725146525,0.2448959922,10.7022603250,.4404394452
UIO-66_v2_EQeq,0.2,0.0,0.02,0.03,0.01,0.74,0.0,0.0,,,,,,,,,,,,
UIO-66_v2_EQeq,0.2,0.0,0.02,0.03,0.02,0.73,0.0,0.0,,,,,,,,,,,,
UIO-66_v2_EQeq,0.2,0.0,0.02,0.03,0.03,0.72,0.0,0.0,,,,,,,,,,,,
UIO-66_v2_EQeq,0.1,0.0,0.03,0.02,0.0,0.85,1.2558839857,0.1636302510,0.0000000000,0.0000000000,0.0022528394,0.0008313183,0.5386119489,0.0668065225,0.0000000000,0.0000000000,8.2686258408,0.3629755544,10.0653746148,.5942436462
UIO-66_v2_EQeq,0.2,0.0,0.03,0.0,0.0,0.77,2.5032099884,0.1907168425,0.0000000000,0.0000000000,0.0021950743,0.0009696589,0.0000000000,0.0000000000,0.0000000000,0.0000000000,7.7926085808,0.8751086907,10.2980136435,1.0667951921
UIO-66_v2_EQeq,0.2,0.0,0.03,0.0,0.01,0.76,0.0,0.0,,,,,,,,,,,,
UIO-66_v2_EQeq,0.2,0.0,0.03,0.0,0.02,0.75,0.0,0.0,,,,,,,,,,,,
UIO-66_v2_EQeq,0.2,0.0,0.03,0.0,0.03,0.74,0.0,0.0,,,,,,,,,,,,
UIO-66_v2_EQeq,0.2,0.0,0.03,0.01,0.0,0.76,2.6343305117,0.3378385281,0.0000000000,0.0000000000,0.0022528394,0.0005252074,0.2843993676,0.0190255187,0.0000000000,0.0000000000,7.7064491891,0.3296785174,10.6274319078,.6870677716
UIO-66_v2_EQeq,0.2,0.0,0.03,0.01,0.01,0.75,0.0,0.0,,,,,,,,,,,,
UIO-66_v2_EQeq,0.2,0.0,0.03,0.01,0.02,0.74,0.0,0.0,,,,,,,,,,,,
UIO-66_v2_EQeq,0.2,0.0,0.03,0.01,0.03,0.73,0.0,0.0,,,,,,,,,,,,
UIO-66_v2_EQeq,0.2,0.0,0.03,0.02,0.0,0.75,2.5487506830,0.1078081264,0.0000000000,0.0000000000,0.0023106045,0.0003653386,0.5386119489,0.0523328528,0.0000000000,0.0000000000,7.4469007112,0.2845194746,10.5365739476,.4450257924
UIO-66_v2_EQeq,0.2,0.0,0.03,0.02,0.01,0.74,0.0,0.0,,,,,,,,,,,,
UIO-66_v2_EQeq,0.1,0.0,0.03,0.02,0.01,0.84,0.0,0.0,,,,,,,,,,,,
UIO-66_v2_EQeq,0.2,0.0,0.03,0.02,0.02,0.73,0.0,0.0,,,,,,,,,,,,
UIO-66_v2_EQeq,0.2,0.0,0.03,0.02,0.03,0.72,0.0,0.0,,,,,,,,,,,,
UIO-66_v2_EQeq,0.2,0.0,0.03,0.03,0.0,0.74,2.5588368771,0.2080397898,0.0000000000,0.0000000000,0.0024838998,0.0009385720,0.8250033379,0.0708086323,0.0000000000,0.0000000000,7.3519113198,0.7161266936,10.7382354346,.9959136877
UIO-66_v2_EQeq,0.2,0.0,0.03,0.03,0.01,0.73,0.0,0.0,,,,,,,,,,,,
UIO-66_v2_EQeq,0.2,0.0,0.03,0.03,0.02,0.72,0.0,0.0,,,,,,,,,,,,
UIO-66_v2_EQeq,0.2,0.0,0.03,0.03,0.03,0.71,0.0,0.0,,,,,,,,,,,,
UIO-66_v2_EQeq,0.2,0.04,0.0,0.0,0.0,0.76,2.0441353361,0.0630720008,27.7230285185,1.6046262897,0.0000000000,0.0000000000,0.0000000000,0.0000000000,0.0000000000,0.0000000000,5.6629731828,0.1562734016,35.4301370374,1.8239716921
UIO-66_v2_EQeq,0.2,0.04,0.0,0.0,0.01,0.75,0.0,0.0,,,,,,,,,,,,
UIO-66_v2_EQeq,0.2,0.04,0.0,0.0,0.02,0.74,0.0,0.0,,,,,,,,,,,,
UIO-66_v2_EQeq,0.2,0.04,0.0,0.0,0.03,0.73,0.0,0.0,,,,,,,,,,,,
UIO-66_v2_EQeq,0.1,0.0,0.03,0.02,0.02,0.8300000000000001,0.0,0.0,,,,,,,,,,,,
UIO-66_v2_EQeq,0.2,0.04,0.0,0.01,0.0,0.75,2.0484143275,0.0906186734,27.9983003810,1.5985256459,0.0000000000,0.0000000000,0.1912340575,0.0194212645,0.0000000000,0.0000000000,5.5093847021,0.2749241551,35.7473334681,1.9834897389
UIO-66_v2_EQeq,0.2,0.04,0.0,0.01,0.01,0.74,0.0,0.0,,,,,,,,,,,,
UIO-66_v2_EQeq,0.2,0.04,0.0,0.01,0.02,0.73,0.0,0.0,,,,,,,,,,,,
UIO-66_v2_EQeq,0.2,0.04,0.0,0.01,0.03,0.72,0.0,0.0,,,,,,,,,,,,
UIO-66_v2_EQeq,0.2,0.04,0.0,0.02,0.0,0.74,2.0276306549,0.1006746770,28.0193135003,1.4993543696,0.0000000000,0.0000000000,0.3697498244,0.0373912219,0.0000000000,0.0000000000,5.4451665219,0.2224261148,35.8618605015,1.8598463833
UIO-66_v2_EQeq,0.2,0.04,0.0,0.02,0.01,0.73,0.0,0.0,,,,,,,,,,,,
UIO-66_v2_EQeq,0.2,0.04,0.0,0.02,0.02,0.72,0.0,0.0,,,,,,,,,,,,
UIO-66_v2_EQeq,0.2,0.04,0.0,0.02,0.03,0.71,0.0,0.0,,,,,,,,,,,,
UIO-66_v2_EQeq,0.2,0.04,0.0,0.03,0.0,0.73,2.0224347367,0.1018774882,27.6158616102,2.6403683317,0.0000000000,0.0000000000,0.5600644874,0.0328789782,0.0000000000,0.0000000000,5.3199410707,0.5256664375,35.5183019050,3.3007912356
UIO-66_v2_EQeq,0.2,0.04,0.0,0.03,0.01,0.72,0.0,0.0,,,,,,,,,,,,
UIO-66_v2_EQeq,0.1,0.0,0.03,0.02,0.03,0.8200000000000001,0.0,0.0,,,,,,,,,,,,
UIO-66_v2_EQeq,0.2,0.04,0.0,0.03,0.02,0.71,0.0,0.0,,,,,,,,,,,,
UIO-66_v2_EQeq,0.2,0.04,0.0,0.03,0.03,0.7,0.0,0.0,,,,,,,,,,,,
UIO-66_v2_EQeq,0.2,0.04,0.01,0.0,0.0,0.75,2.0679754312,0.0858065768,27.7020153993,1.4018920121,0.0005776511,0.0006088977,0.0000000000,0.0000000000,0.0000000000,0.0000000000,5.3656965241,0.2224042251,35.1362650057,1.7107117117
UIO-66_v2_EQeq,0.2,0.04,0.01,0.0,0.01,0.74,0.0,0.0,,,,,,,,,,,,
UIO-66_v2_EQeq,0.2,0.04,0.01,0.0,0.02,0.73,0.0,0.0,,,,,,,,,,,,
UIO-66_v2_EQeq,0.2,0.04,0.01,0.0,0.03,0.72,0.0,0.0,,,,,,,,,,,,
UIO-66_v2_EQeq,0.2,0.04,0.01,0.01,0.0,0.74,2.0352717110,0.1910046403,27.7751410543,1.0307692176,0.0006739263,0.0003221984,0.1935325438,0.0235120653,0.0000000000,0.0000000000,5.6562837891,0.3595142844,35.6609030245,1.6051224060
UIO-66_v2_EQeq,0.2,0.04,0.01,0.01,0.01,0.73,0.0,0.0,,,,,,,,,,,,
UIO-66_v2_EQeq,0.2,0.04,0.01,0.01,0.02,0.72,0.0,0.0,,,,,,,,,,,,
UIO-66_v2_EQeq,0.2,0.04,0.01,0.01,0.03,0.71,0.0,0.0,,,,,,,,,,,,
UIO-66_v2_EQeq,0.1,0.0,0.0,0.01,0.02,0.87,0.0,0.0,,,,,,,,,,,,
UIO-66_v2_EQeq,0.1,0.0,0.03,0.03,0.0,0.84,1.2653588953,0.1025064127,0.0000000000,0.0000000000,0.0023683696,0.0010727665,0.8142770686,0.0998736880,0.0000000000,0.0000000000,8.2445440233,0.3695514641,10.3265483568,.5730043313
UIO-66_v2_EQeq,0.2,0.04,0.01,0.02,0.0,0.73,2.0261024436,0.1036555383,27.8495274965,1.5429676932,0.0006546713,0.0003312762,0.3740403321,0.0334931155,0.0000000000,0.0000000000,5.3970028869,0.1513731620,35.6473278304,1.8318207852
UIO-66_v2_EQeq,0.2,0.04,0.01,0.02,0.01,0.72,0.0,0.0,,,,,,,,,,,,
UIO-66_v2_EQeq,0.2,0.04,0.01,0.02,0.02,0.71,0.0,0.0,,,,,,,,,,,,
UIO-66_v2_EQeq,0.2,0.04,0.01,0.02,0.03,0.7,0.0,0.0,,,,,,,,,,,,
UIO-66_v2_EQeq,0.2,0.04,0.01,0.03,0.0,0.72,1.9765883999,0.1836764950,27.3313439753,1.6489210928,0.0006931813,0.0005223761,0.5632823681,0.0455118338,0.0000000000,0.0000000000,5.3137868285,0.2332143332,35.1856947531,2.1118461309
UIO-66_v2_EQeq,0.2,0.04,0.01,0.03,0.01,0.71,0.0,0.0,,,,,,,,,,,,
UIO-66_v2_EQeq,0.2,0.04,0.01,0.03,0.02,0.7,0.0,0.0,,,,,,,,,,,,
UIO-66_v2_EQeq,0.2,0.04,0.01,0.03,0.03,0.69,0.0,0.0,,,,,,,,,,,,
UIO-66_v2_EQeq,0.2,0.04,0.02,0.0,0.0,0.74,2.0814236900,0.0832559602,27.7633737075,1.7400823872,0.0012323224,0.0004621209,0.0000000000,0.0000000000,0.0000000000,0.0000000000,5.5602240946,0.5866759269,35.4062538145,2.4104763952
UIO-66_v2_EQeq,0.2,0.04,0.02,0.0,0.01,0.73,0.0,0.0,,,,,,,,,,,,
UIO-66_v2_EQeq,0.1,0.0,0.03,0.03,0.01,0.83,0.0,0.0,,,,,,,,,,,,
UIO-66_v2_EQeq,0.2,0.04,0.02,0.0,0.02,0.72,0.0,0.0,,,,,,,,,,,,
UIO-66_v2_EQeq,0.2,0.04,0.02,0.0,0.03,0.71,0.0,0.0,,,,,,,,,,,,
UIO-66_v2_EQeq,0.2,0.04,0.02,0.01,0.0,0.73,2.0627795131,0.0928146479,27.4826384340,1.6654047601,0.0014826379,0.0003128573,0.1918469872,0.0161760025,0.0000000000,0.0000000000,5.4807540968,0.2938883269,35.2195016690,2.0685965947
UIO-66_v2_EQeq,0.2,0.04,0.02,0.01,0.01,0.72,0.0,0.0,,,,,,,,,,,,
UIO-66_v2_EQeq,0.2,0.04,0.02,0.01,0.02,0.71,0.0,0.0,,,,,,,,,,,,
UIO-66_v2_EQeq,0.2,0.04,0.02,0.01,0.03,0.7,0.0,0.0,,,,,,,,,,,,
UIO-66_v2_EQeq,0.2,0.04,0.02,0.02,0.0,0.72,2.0034849175,0.1343853029,27.6192237093,2.5321963459,0.0014633828,0.0004111751,0.3640802249,0.0152125144,0.0000000000,0.0000000000,5.3889756143,0.1226069345,35.3772278488,2.8048122728
UIO-66_v2_EQeq,0.2,0.04,0.02,0.02,0.01,0.71,0.0,0.0,,,,,,,,,,,,
UIO-66_v2_EQeq,0.2,0.04,0.02,0.02,0.02,0.7,0.0,0.0,,,,,,,,,,,,
UIO-66_v2_EQeq,0.2,0.04,0.02,0.02,0.03,0.69,0.0,0.0,,,,,,,,,,,,
UIO-66_v2_EQeq,0.1,0.0,0.03,0.03,0.02,0.8200000000000001,0.0,0.0,,,,,,,,,,,,
UIO-66_v2_EQeq,0.2,0.04,0.02,0.03,0.0,0.71,2.0080695512,0.0806802903,27.9352610232,1.3820599314,0.0013093425,0.0001963636,0.5576127687,0.0475504661,0.0000000000,0.0000000000,5.1864207712,0.2272825659,35.6886734568,1.7377696173
UIO-66_v2_EQeq,0.2,0.04,0.02,0.03,0.01,0.7,0.0,0.0,,,,,,,,,,,,
UIO-66_v2_EQeq,0.2,0.04,0.02,0.03,0.02,0.69,0.0,0.0,,,,,,,,,,,,
UIO-66_v2_EQeq,0.2,0.04,0.02,0.03,0.03,0.6799999999999999,0.0,0.0,,,,,,,,,,,,
UIO-66_v2_EQeq,0.2,0.04,0.03,0.0,0.0,0.73,2.0627795131,0.0979086184,27.3973251698,1.9898319345,0.0021950743,0.0006137496,0.0000000000,0.0000000000,0.0000000000,0.0000000000,5.5227634896,0.3295594860,34.9850632468,2.4179137885
UIO-66_v2_EQeq,0.2,0.04,0.03,0.0,0.01,0.72,0.0,0.0,,,,,,,,,,,,
UIO-66_v2_EQeq,0.2,0.04,0.03,0.0,0.02,0.71,0.0,0.0,,,,,,,,,,,,
UIO-66_v2_EQeq,0.2,0.04,0.03,0.0,0.03,0.7,0.0,0.0,,,,,,,,,,,,
UIO-66_v2_EQeq,0.2,0.04,0.03,0.01,0.0,0.72,2.0095977624,0.0756858085,28.7879734033,2.0163749541,0.0019062487,0.0005633538,0.1895485009,0.0230481117,0.0000000000,0.0000000000,5.3081677377,0.1862803878,36.2971936530,2.3019526159
UIO-66_v2_EQeq,0.2,0.04,0.03,0.01,0.01,0.71,0.0,0.0,,,,,,,,,,,,
UIO-66_v2_EQeq,0.1,0.0,0.03,0.03,0.03,0.81,0.0,0.0,,,,,,,,,,,,
UIO-66_v2_EQeq,0.2,0.04,0.03,0.01,0.02,0.7,0.0,0.0,,,,,,,,,,,,
UIO-66_v2_EQeq,0.2,0.04,0.03,0.01,0.03,0.69,0.0,0.0,,,,,,,,,,,,
UIO-66_v2_EQeq,0.2,0.04,0.03,0.02,0.0,0.71,2.0169331763,0.0491086344,27.5818203570,1.4497432066,0.0018099735,0.0008022675,0.3778711425,0.0151506495,0.0000000000,0.0000000000,5.1379895604,0.1765399833,35.1164242097,1.6913447413
UIO-66_v2_EQeq,0.2,0.04,0.03,0.02,0.01,0.7,0.0,0.0,,,,,,,,,,,,
UIO-66_v2_EQeq,0.2,0.04,0.03,0.02,0.02,0.69,0.0,0.0,,,,,,,,,,,,
UIO-66_v2_EQeq,0.2,0.04,0.03,0.02,0.03,0.6799999999999999,0.0,0.0,,,,,,,,,,,,
UIO-66_v2_EQeq,0.2,0.04,0.03,0.03,0.0,0.7,2.0465804741,0.1005446855,27.0590139495,1.7608229638,0.0018677386,0.0007948390,0.5605241846,0.0367962056,0.0000000000,0.0000000000,5.1136401671,0.2215320382,34.7816265139,2.1204907321
UIO-66_v2_EQeq,0.2,0.04,0.03,0.03,0.01,0.69,0.0,0.0,,,,,,,,,,,,
UIO-66_v2_EQeq,0.2,0.04,0.03,0.03,0.02,0.6799999999999999,0.0,0.0,,,,,,,,,,,,
UIO-66_v2_EQeq,0.2,0.04,0.03,0.03,0.03,0.6699999999999999,0.0,0.0,,,,,,,,,,,,
UIO-66_v2_EQeq,0.1,0.04,0.0,0.0,0.0,0.86,1.0361272113,0.0322304059,27.5662706488,1.8412550288,0.0000000000,0.0000000000,0.0000000000,0.0000000000,0.0000000000,0.0000000000,6.4402807379,0.2441159137,35.0426785980,2.1176013484
UIO-66_v2_EQeq,0.2,0.08,0.0,0.0,0.0,0.72,1.8014553934,0.0897027446,44.9537863219,0.7768850011,0.0000000000,0.0000000000,0.0000000000,0.0000000000,0.0000000000,0.0000000000,4.3834259441,0.2207887487,51.1386676594,1.0873764944
UIO-66_v2_EQeq,0.2,0.08,0.0,0.0,0.01,0.71,0.0,0.0,,,,,,,,,,,,
UIO-66_v2_EQeq,0.2,0.08,0.0,0.0,0.02,0.7,0.0,0.0,,,,,,,,,,,,
UIO-66_v2_EQeq,0.2,0.08,0.0,0.0,0.03,0.69,0.0,0.0,,,,,,,,,,,,
UIO-66_v2_EQeq,0.2,0.08,0.0,0.01,0.0,0.71,1.7818942897,0.1108601122,43.3147630187,2.1701519461,0.0000000000,0.0000000000,0.1569099959,0.0246965786,0.0000000000,0.0000000000,4.4072401859,0.2454555069,49.6608074902,2.5511641438
UIO-66_v2_EQeq,0.2,0.08,0.0,0.01,0.01,0.7,0.0,0.0,,,,,,,,,,,,
UIO-66_v2_EQeq,0.2,0.08,0.0,0.01,0.02,0.69,0.0,0.0,,,,,,,,,,,,
UIO-66_v2_EQeq,0.2,0.08,0.0,0.01,0.03,0.6799999999999999,0.0,0.0,,,,,,,,,,,,
UIO-66_v2_EQeq,0.2,0.08,0.0,0.02,0.0,0.7,1.8023723201,0.0966254979,43.5488491674,1.7053802271,0.0000000000,0.0000000000,0.3084568572,0.0245478142,0.0000000000,0.0000000000,4.3266998850,0.2412933967,49.9863782297,2.0678469359
UIO-66_v2_EQeq,0.2,0.08,0.0,0.02,0.01,0.69,0.0,0.0,,,,,,,,,,,,
UIO-66_v2_EQeq,0.1,0.04,0.0,0.0,0.01,0.85,0.0,0.0,,,,,,,,,,,,
UIO-66_v2_EQeq,0.2,0.08,0.0,0.02,0.02,0.6799999999999999,0.0,0.0,,,,,,,,,,,,
UIO-66_v2_EQeq,0.2,0.08,0.0,0.02,0.03,0.6699999999999999,0.0,0.0,,,,,,,,,,,,
UIO-66_v2_EQeq,0.2,0.08,0.0,0.03,0.0,0.69,1.7880071346,0.1267881252,43.7833555785,1.6119161465,0.0000000000,0.0000000000,0.4451401740,0.0105274128,0.0000000000,0.0000000000,4.2194020091,0.1765221379,50.2359048962,1.9257538224
UIO-66_v2_EQeq,0.2,0.08,0.0,0.03,0.01,0.6799999999999999,0.0,0.0,,,,,,,,,,,,
UIO-66_v2_EQeq,0.2,0.08,0.0,0.03,0.02,0.6699999999999999,0.0,0.0,,,,,,,,,,,,
UIO-66_v2_EQeq,0.2,0.08,0.0,0.03,0.03,0.6599999999999999,0.0,0.0,,,,,,,,,,,,
UIO-66_v2_EQeq,0.2,0.08,0.01,0.0,0.0,0.71,1.7705855266,0.0698471110,42.8987032571,2.6178877701,0.0007894565,0.0003080806,0.0000000000,0.0000000000,0.0000000000,0.0000000000,4.4404195790,0.1948789295,49.1104978192,2.8829218912
UIO-66_v2_EQeq,0.2,0.08,0.01,0.0,0.01,0.7,0.0,0.0,,,,,,,,,,,,
UIO-66_v2_EQeq,0.2,0.08,0.01,0.0,0.02,0.69,0.0,0.0,,,,,,,,,,,,
UIO-66_v2_EQeq,0.2,0.08,0.01,0.0,0.03,0.6799999999999999,0.0,0.0,,,,,,,,,,,,
UIO-66_v2_EQeq,0.1,0.04,0.0,0.0,0.02,0.84,0.0,0.0,,,,,,,,,,,,
UIO-66_v2_EQeq,0.2,0.08,0.01,0.01,0.0,0.7,1.7889240613,0.1447544390,44.3183495951,2.2717106661,0.0005583961,0.0004288300,0.1530791855,0.0199649551,0.0000000000,0.0000000000,4.3620198841,0.1101762445,50.6229311221,2.5470351347
UIO-66_v2_EQeq,0.2,0.08,0.01,0.01,0.01,0.69,0.0,0.0,,,,,,,,,,,,
UIO-66_v2_EQeq,0.2,0.08,0.01,0.01,0.02,0.6799999999999999,0.0,0.0,,,,,,,,,,,,
UIO-66_v2_EQeq,0.2,0.08,0.01,0.01,0.03,0.6699999999999999,0.0,0.0,,,,,,,,,,,,
UIO-66_v2_EQeq,0.2,0.08,0.01,0.02,0.0,0.69,1.7635557550,0.1222568981,44.2674978465,2.8286132548,0.0005391410,0.0003128573,0.3067713006,0.0306250235,0.0000000000,0.0000000000,4.2509759476,0.3800314245,50.5893399907,3.3618394582
UIO-66_v2_EQeq,0.2,0.08,0.01,0.02,0.01,0.6799999999999999,0.0,0.0,,,,,,,,,,,,
UIO-66_v2_EQeq,0.2,0.08,0.01,0.02,0.02,0.6699999999999999,0.0,0.0,,,,,,,,,,,,
UIO-66_v2_EQeq,0.2,0.08,0.01,0.02,0.03,0.6599999999999999,0.0,0.0,,,,,,,,,,,,
UIO-66_v2_EQeq,0.2,0.08,0.01,0.03,0.0,0.6799999999999999,1.7828112164,0.1400175114,43.6060048518,2.5719170754,0.0006546713,0.0003080806,0.4627619020,0.0205811160,0.0000000000,0.0000000000,4.1707032225,0.1692856002,50.0229358640,2.9021093836
UIO-66_v2_EQeq,0.2,0.08,0.01,0.03,0.01,0.6699999999999999,0.0,0.0,,,,,,,,,,,,
UIO-66_v2_EQeq,0.1,0.04,0.0,0.0,0.03,0.83,0.0,0.0,,,,,,,,,,,,
UIO-66_v2_EQeq,0.2,0.08,0.01,0.03,0.02,0.6599999999999999,0.0,0.0,,,,,,,,,,,,
UIO-66_v2_EQeq,0.2,0.08,0.01,0.03,0.03,0.6499999999999999,0.0,0.0,,,,,,,,,,,,
UIO-66_v2_EQeq,0.2,0.08,0.02,0.0,0.0,0.7,1.7760870870,0.0923707299,44.6696889494,1.9692295365,0.0009627519,0.0003221984,0.0000000000,0.0000000000,0.0000000000,0.0000000000,4.3558656418,0.1816632445,50.8026044301,2.2435857093
UIO-66_v2_EQeq,0.2,0.08,0.02,0.0,0.01,0.69,0.0,0.0,,,,,,,,,,,,
UIO-66_v2_EQeq,0.2,0.08,0.02,0.0,0.02,0.6799999999999999,0.0,0.0,,,,,,,,,,,,
UIO-66_v2_EQeq,0.2,0.08,0.02,0.0,0.03,0.6699999999999999,0.0,0.0,,,,,,,,,,,,
UIO-66_v2_EQeq,0.2,0.08,0.02,0.01,0.0,0.69,1.7773096560,0.0685347789,43.8598433326,2.0569834223,0.0011360472,0.0003080806,0.1576761580,0.0129079555,0.0000000000,0.0000000000,4.2699738259,0.0791155932,50.0659390197,2.2178498305
UIO-66_v2_EQeq,0.2,0.08,0.02,0.01,0.01,0.6799999999999999,0.0,0.0,,,,,,,,,,,,
UIO-66_v2_EQeq,0.2,0.08,0.02,0.01,0.02,0.6699999999999999,0.0,0.0,,,,,,,,,,,,
UIO-66_v2_EQeq,0.2,0.08,0.02,0.01,0.03,0.6599999999999999,0.0,0.0,,,,,,,,,,,,
UIO-66_v2_EQeq,0.1,0.04,0.0,0.01,0.0,0.85,1.0196225301,0.0768713033,26.7131380063,0.7254444596,0.0000000000,0.0000000000,0.1872500147,0.0168861846,0.0000000000,0.0000000000,6.2692998334,0.2437554874,34.1893103845,1.0629574349
UIO-66_v2_EQeq,0.2,0.08,0.02,0.02,0.0,0.6799999999999999,1.7898409881,0.1010821335,43.7379672408,3.7808441109,0.0010975371,0.0007759565,0.3041663495,0.0232792271,0.0000000000,0.0000000000,4.1955877673,0.2089422263,50.0286598828,4.1149236543
UIO-66_v2_EQeq,0.2,0.08,0.02,0.02,0.01,0.6699999999999999,0.0,0.0,,,,,,,,,,,,
UIO-66_v2_EQeq,0.2,0.08,0.02,0.02,0.02,0.6599999999999999,0.0,0.0,,,,,,,,,,,,
UIO-66_v2_EQeq,0.2,0.08,0.02,0.02,0.03,0.6499999999999999,0.0,0.0,,,,,,,,,,,,
UIO-66_v2_EQeq,0.2,0.08,0.02,0.03,0.0,0.6699999999999999,1.7183207027,0.0464978200,43.5408641820,1.4432287601,0.0012130674,0.0006625524,0.4627619020,0.0218215015,0.0000000000,0.0000000000,4.1511701927,0.1737009775,49.8743300468,1.6859116115
UIO-66_v2_EQeq,0.2,0.08,0.02,0.03,0.01,0.6599999999999999,0.0,0.0,,,,,,,,,,,,
UIO-66_v2_EQeq,0.2,0.08,0.02,0.03,0.02,0.6499999999999999,0.0,0.0,,,,,,,,,,,,
UIO-66_v2_EQeq,0.2,0.08,0.02,0.03,0.03,0.6399999999999999,0.0,0.0,,,,,,,,,,,,
UIO-66_v2_EQeq,0.2,0.08,0.03,0.0,0.0,0.69,1.7962594752,0.0718512850,44.5646233530,3.8607810678,0.0019062487,0.0005890909,0.0000000000,0.0000000000,0.0000000000,0.0000000000,4.2608762504,0.3130174278,50.6236653273,4.2462388715
UIO-66_v2_EQeq,0.2,0.08,0.03,0.0,0.01,0.6799999999999999,0.0,0.0,,,,,,,,,,,,
UIO-66_v2_EQeq,0.1,0.04,0.0,0.01,0.01,0.84,0.0,0.0,,,,,,,,,,,,
UIO-66_v2_EQeq,0.2,0.08,0.03,0.0,0.02,0.6699999999999999,0.0,0.0,,,,,,,,,,,,
UIO-66_v2_EQeq,0.2,0.08,0.03,0.0,0.03,0.6599999999999999,0.0,0.0,,,,,,,,,,,,
UIO-66_v2_EQeq,0.2,0.08,0.03,0.01,0.0,0.6799999999999999,1.8118472297,0.1144196555,44.2519481382,2.2262412062,0.0021180541,0.0011423934,0.1559906014,0.0109472740,0.0000000000,0.0000000000,4.1755195860,0.2597001518,50.3974236094,2.6124506809
UIO-66_v2_EQeq,0.2,0.08,0.03,0.01,0.01,0.6699999999999999,0.0,0.0,,,,,,,,,,,,
UIO-66_v2_EQeq,0.2,0.08,0.03,0.01,0.02,0.6599999999999999,0.0,0.0,,,,,,,,,,,,
UIO-66_v2_EQeq,0.2,0.08,0.03,0.01,0.03,0.6499999999999999,0.0,0.0,,,,,,,,,,,,
UIO-66_v2_EQeq,0.2,0.08,0.03,0.02,0.0,0.6699999999999999,1.7910635571,0.1023057236,44.0409764207,1.8356056496,0.0018677386,0.0007948390,0.3044728143,0.0175943915,0.0000000000,0.0000000000,4.0805301946,0.1826897808,50.2189107253,2.1389903845
UIO-66_v2_EQeq,0.2,0.08,0.03,0.02,0.01,0.6599999999999999,0.0,0.0,,,,,,,,,,,,
UIO-66_v2_EQeq,0.2,0.08,0.03,0.02,0.02,0.6499999999999999,0.0,0.0,,,,,,,,,,,,
UIO-66_v2_EQeq,0.2,0.08,0.03,0.02,0.03,0.6399999999999999,0.0,0.0,,,,,,,,,,,,
UIO-66_v2_EQeq,0.1,0.0,0.0,0.01,0.03,0.86,0.0,0.0,,,,,,,,,,,,
UIO-66_v2_EQeq,0.1,0.04,0.0,0.01,0.02,0.83,0.0,0.0,,,,,,,,,,,,
UIO-66_v2_EQeq,0.2,0.08,0.03,0.03,0.0,0.6599999999999999,1.7449115780,0.0465299539,43.6232356096,1.7809984074,0.0020795440,0.0007467381,0.4428416877,0.0484757239,0.0000000000,0.0000000000,4.0385208018,0.1751229628,49.8515892211,2.0518737861
UIO-66_v2_EQeq,0.2,0.08,0.03,0.03,0.01,0.6499999999999999,0.0,0.0,,,,,,,,,,,,
UIO-66_v2_EQeq,0.2,0.08,0.03,0.03,0.02,0.6399999999999999,0.0,0.0,,,,,,,,,,,,
UIO-66_v2_EQeq,0.2,0.08,0.03,0.03,0.03,0.6299999999999999,0.0,0.0,,,,,,,,,,,,
UIO-66_v2_EQeq,0.2,0.12,0.0,0.0,0.0,0.6799999999999999,1.6309070206,0.0274329878,56.8699059989,1.5330766299,0.0000000000,0.0000000000,0.0000000000,0.0000000000,0.0000000000,0.0000000000,3.7503417185,0.1499799675,62.2511547380,1.7104895852
UIO-66_v2_EQeq,0.2,0.12,0.0,0.0,0.01,0.6699999999999999,0.0,0.0,,,,,,,,,,,,
UIO-66_v2_EQeq,0.2,0.12,0.0,0.0,0.02,0.6599999999999999,0.0,0.0,,,,,,,,,,,,
UIO-66_v2_EQeq,0.2,0.12,0.0,0.0,0.03,0.65,0.0,0.0,,,,,,,,,,,,
UIO-66_v2_EQeq,0.2,0.12,0.0,0.01,0.0,0.6699999999999999,1.6351860120,0.0367279745,55.4935466866,0.5032841664,0.0000000000,0.0000000000,0.1317798794,0.0288630658,0.0000000000,0.0000000000,3.7265274767,0.1681483146,60.9870400547,.7370235213
UIO-66_v2_EQeq,0.2,0.12,0.0,0.01,0.01,0.6599999999999999,0.0,0.0,,,,,,,,,,,,
UIO-66_v2_EQeq,0.1,0.04,0.0,0.01,0.03,0.82,0.0,0.0,,,,,,,,,,,,
UIO-66_v2_EQeq,0.2,0.12,0.0,0.01,0.02,0.6499999999999999,0.0,0.0,,,,,,,,,,,,
UIO-66_v2_EQeq,0.2,0.12,0.0,0.01,0.03,0.64,0.0,0.0,,,,,,,,,,,,
UIO-66_v2_EQeq,0.2,0.12,0.0,0.02,0.0,0.6599999999999999,1.6058443564,0.0756215989,55.9255764188,3.0029499904,0.0000000000,0.0000000000,0.2601886456,0.0269375443,0.0000000000,0.0000000000,3.6221729340,0.1190949577,61.4137823548,3.2246040913
UIO-66_v2_EQeq,0.2,0.12,0.0,0.02,0.01,0.6499999999999999,0.0,0.0,,,,,,,,,,,,
UIO-66_v2_EQeq,0.2,0.12,0.0,0.02,0.02,0.6399999999999999,0.0,0.0,,,,,,,,,,,,
UIO-66_v2_EQeq,0.2,0.12,0.0,0.02,0.03,0.63,0.0,0.0,,,,,,,,,,,,
UIO-66_v2_EQeq,0.2,0.12,0.0,0.03,0.0,0.65,1.6104289901,0.0708773757,56.8631818008,1.9407176381,0.0000000000,0.0000000000,0.3902829684,0.0294684705,0.0000000000,0.0000000000,3.5031017251,0.2073434114,62.3669954844,2.2484068957
UIO-66_v2_EQeq,0.2,0.12,0.0,0.03,0.01,0.64,0.0,0.0,,,,,,,,,,,,
UIO-66_v2_EQeq,0.2,0.12,0.0,0.03,0.02,0.63,0.0,0.0,,,,,,,,,,,,
UIO-66_v2_EQeq,0.2,0.12,0.0,0.03,0.03,0.62,0.0,0.0,,,,,,,,,,,,
UIO-66_v2_EQeq,0.1,0.04,0.0,0.02,0.0,0.84,0.9985332152,0.0817523019,27.5545033020,1.5679560997,0.0000000000,0.0000000000,0.3830810447,0.0625668809,0.0000000000,0.0000000000,6.2037437745,0.3098383925,35.1398613364,2.0221136750
UIO-66_v2_EQeq,0.2,0.12,0.01,0.0,0.0,0.6699999999999999,1.6208208265,0.0486576311,56.0159328317,1.8359850988,0.0006161612,0.0003571277,0.0000000000,0.0000000000,0.0000000000,0.0000000000,3.6896020232,0.1442766859,61.3269718426,2.0292765435
UIO-66_v2_EQeq,0.2,0.12,0.01,0.0,0.01,0.6599999999999999,0.0,0.0,,,,,,,,,,,,
UIO-66_v2_EQeq,0.2,0.12,0.01,0.0,0.02,0.6499999999999999,0.0,0.0,,,,,,,,,,,,
UIO-66_v2_EQeq,0.2,0.12,0.01,0.0,0.03,0.64,0.0,0.0,,,,,,,,,,,,
UIO-66_v2_EQeq,0.2,0.12,0.01,0.01,0.0,0.6599999999999999,1.6116515591,0.0474523736,56.9215982724,3.0403078788,0.0006354162,0.0003964855,0.1288684634,0.0133373835,0.0000000000,0.0000000000,3.5266483911,0.1055212375,62.1894021022,3.2070153589
UIO-66_v2_EQeq,0.2,0.12,0.01,0.01,0.01,0.6499999999999999,0.0,0.0,,,,,,,,,,,,
UIO-66_v2_EQeq,0.2,0.12,0.01,0.01,0.02,0.6399999999999999,0.0,0.0,,,,,,,,,,,,
UIO-66_v2_EQeq,0.2,0.12,0.01,0.01,0.03,0.63,0.0,0.0,,,,,,,,,,,,
UIO-66_v2_EQeq,0.2,0.12,0.01,0.02,0.0,0.6499999999999999,1.6027879340,0.0321956061,57.3048775679,2.6190366123,0.0006546713,0.0002554469,0.2591160186,0.0111090861,0.0000000000,0.0000000000,3.5065802098,0.1961970795,62.6740164016,2.8587938309
UIO-66_v2_EQeq,0.2,0.12,0.01,0.02,0.01,0.6399999999999999,0.0,0.0,,,,,,,,,,,,
UIO-66_v2_EQeq,0.1,0.04,0.0,0.02,0.01,0.83,0.0,0.0,,,,,,,,,,,,
UIO-66_v2_EQeq,0.2,0.12,0.01,0.02,0.02,0.6299999999999999,0.0,0.0,,,,,,,,,,,,
UIO-66_v2_EQeq,0.2,0.12,0.01,0.02,0.03,0.62,0.0,0.0,,,,,,,,,,,,
UIO-66_v2_EQeq,0.2,0.12,0.01,0.03,0.0,0.64,1.6061499987,0.1152072620,57.4347386450,2.1270863964,0.0007124364,0.0006161612,0.3855327634,0.0484505301,0.0000000000,0.0000000000,3.4359402117,0.2181777950,62.8630740552,2.5095381447
UIO-66_v2_EQeq,0.2,0.12,0.01,0.03,0.01,0.63,0.0,0.0,,,,,,,,,,,,
UIO-66_v2_EQeq,0.2,0.12,0.01,0.03,0.02,0.62,0.0,0.0,,,,,,,,,,,,
UIO-66_v2_EQeq,0.2,0.12,0.01,0.03,0.03,0.61,0.0,0.0,,,,,,,,,,,,
UIO-66_v2_EQeq,0.2,0.12,0.02,0.0,0.0,0.6599999999999999,1.5835324725,0.0702684750,56.2903641694,3.1171135089,0.0011745573,0.0004621209,0.0000000000,0.0000000000,0.0000000000,0.0000000000,3.6625768724,0.2289147686,61.5376480716,3.4167588734
UIO-66_v2_EQeq,0.2,0.12,0.02,0.0,0.01,0.6499999999999999,0.0,0.0,,,,,,,,,,,,
UIO-66_v2_EQeq,0.2,0.12,0.02,0.0,0.02,0.6399999999999999,0.0,0.0,,,,,,,,,,,,
UIO-66_v2_EQeq,0.2,0.12,0.02,0.0,0.03,0.63,0.0,0.0,,,,,,,,,,,,
UIO-66_v2_EQeq,0.1,0.04,0.0,0.02,0.02,0.8200000000000001,0.0,0.0,,,,,,,,,,,,
UIO-66_v2_EQeq,0.2,0.12,0.02,0.01,0.0,0.6499999999999999,1.6691123012,0.1016902571,57.6238567184,0.7482247459,0.0011745573,0.0002245504,0.1343848305,0.0104198044,0.0000000000,0.0000000000,3.5518005117,0.1222841672,62.9803289191,.9828435250
UIO-66_v2_EQeq,0.2,0.12,0.02,0.01,0.01,0.6399999999999999,0.0,0.0,,,,,,,,,,,,
UIO-66_v2_EQeq,0.2,0.12,0.02,0.01,0.02,0.6299999999999999,0.0,0.0,,,,,,,,,,,,
UIO-66_v2_EQeq,0.2,0.12,0.02,0.01,0.03,0.62,0.0,0.0,,,,,,,,,,,,
UIO-66_v2_EQeq,0.2,0.12,0.02,0.02,0.0,0.6399999999999999,1.6412988569,0.1605596636,56.1861390978,1.5880527223,0.0011360472,0.0008022675,0.2517608626,0.0279135467,0.0000000000,0.0000000000,3.5207617246,0.1240420690,61.6010965891,1.9013702691
UIO-66_v2_EQeq,0.2,0.12,0.02,0.02,0.01,0.6299999999999999,0.0,0.0,,,,,,,,,,,,
UIO-66_v2_EQeq,0.2,0.12,0.02,0.02,0.02,0.6199999999999999,0.0,0.0,,,,,,,,,,,,
UIO-66_v2_EQeq,0.2,0.12,0.02,0.02,0.03,0.61,0.0,0.0,,,,,,,,,,,,
UIO-66_v2_EQeq,0.2,0.12,0.02,0.03,0.0,0.63,1.5581641662,0.0994460485,56.3000302043,3.6702776619,0.0012130674,0.0007163288,0.3993236810,0.0444152034,0.0000000000,0.0000000000,3.4252371817,0.2114722103,61.6839683006,4.0263274529
UIO-66_v2_EQeq,0.2,0.12,0.02,0.03,0.01,0.62,0.0,0.0,,,,,,,,,,,,
UIO-66_v2_EQeq,0.1,0.04,0.0,0.02,0.03,0.81,0.0,0.0,,,,,,,,,,,,
UIO-66_v2_EQeq,0.2,0.12,0.02,0.03,0.02,0.61,0.0,0.0,,,,,,,,,,,,
UIO-66_v2_EQeq,0.2,0.12,0.02,0.03,0.03,0.6,0.0,0.0,,,,,,,,,,,,
UIO-66_v2_EQeq,0.2,0.12,0.03,0.0,0.0,0.65,1.5694729293,0.0936483051,56.3954297658,1.1064620324,0.0015789131,0.0003964855,0.0000000000,0.0000000000,0.0000000000,0.0000000000,3.5333377849,0.0824723852,61.4998193931,1.2829792082
UIO-66_v2_EQeq,0.2,0.12,0.03,0.0,0.01,0.64,0.0,0.0,,,,,,,,,,,,
UIO-66_v2_EQeq,0.2,0.12,0.03,0.0,0.02,0.63,0.0,0.0,,,,,,,,,,,,
UIO-66_v2_EQeq,0.2,0.12,0.03,0.0,0.03,0.62,0.0,0.0,,,,,,,,,,,,
UIO-66_v2_EQeq,0.2,0.12,0.03,0.01,0.0,0.64,1.6174587618,0.0912555822,57.2304911257,2.8166355042,0.0016559332,0.0010145048,0.1262635123,0.0169084179,0.0000000000,0.0000000000,3.4851741498,0.2263697175,62.4610434828,3.1521837266
UIO-66_v2_EQeq,0.2,0.12,0.03,0.01,0.01,0.63,0.0,0.0,,,,,,,,,,,,
UIO-66_v2_EQeq,0.2,0.12,0.03,0.01,0.02,0.62,0.0,0.0,,,,,,,,,,,,
UIO-66_v2_EQeq,0.2,0.12,0.03,0.01,0.03,0.61,0.0,0.0,,,,,,,,,,,,
UIO-66_v2_EQeq,0.1,0.04,0.0,0.03,0.0,0.83,0.9939485815,0.0837392820,26.6761549164,1.3823706941,0.0000000000,0.0000000000,0.5763071237,0.0257211465,0.0000000000,0.0000000000,6.0937701411,0.3504053358,34.3401807627,1.8422364584
UIO-66_v2_EQeq,0.2,0.12,0.03,0.02,0.0,0.63,1.6085951367,0.0994272592,55.9049835620,1.3818784505,0.0016559332,0.0005890909,0.2660114774,0.0516591003,0.0000000000,0.0000000000,3.4442350600,0.0870933378,61.2254811693,1.6206472387
UIO-66_v2_EQeq,0.2,0.12,0.03,0.02,0.01,0.62,0.0,0.0,,,,,,,,,,,,
UIO-66_v2_EQeq,0.2,0.12,0.03,0.02,0.02,0.61,0.0,0.0,,,,,,,,,,,,
UIO-66_v2_EQeq,0.2,0.12,0.03,0.02,0.03,0.6,0.0,0.0,,,,,,,,,,,,
UIO-66_v2_EQeq,0.2,0.12,0.03,0.03,0.0,0.62,1.6241828912,0.1301820706,56.1382291859,0.7022200907,0.0018484836,0.0010574505,0.3991704486,0.0403440907,0.0000000000,0.0000000000,3.3602162743,0.1935710371,61.5236472836,1.0673747396
UIO-66_v2_EQeq,0.2,0.12,0.03,0.03,0.01,0.61,0.0,0.0,,,,,,,,,,,,
UIO-66_v2_EQeq,0.2,0.12,0.03,0.03,0.02,0.6,0.0,0.0,,,,,,,,,,,,
UIO-66_v2_EQeq,0.2,0.12,0.03,0.03,0.03,0.59,0.0,0.0,,,,,,,,,,,,
UIO-66_v2_EQeq,0.1,0.04,0.0,0.03,0.01,0.82,0.0,0.0,,,,,,,,,,,,
UIO-66_v2_EQeq,0.1,0.04,0.0,0.03,0.02,0.81,0.0,0.0,,,,,,,,,,,,
UIO-66_v2_EQeq,0.1,0.04,0.0,0.03,0.03,0.8,0.0,0.0,,,,,,,,,,,,
UIO-66_v2_EQeq,0.1,0.0,0.0,0.02,0.0,0.88,1.3029528914,0.1078982062,0.0000000000,0.0000000000,0.0000000000,0.0000000000,0.5235951719,0.0490209641,0.0000000000,0.0000000000,8.5578752271,0.6808519521,10.3844232904,.8377711224
UIO-66_v2_EQeq,0.1,0.04,0.01,0.0,0.0,0.85,1.0272635862,0.1299091007,27.2863759000,1.6395115970,0.0008279666,0.0009635218,0.0000000000,0.0000000000,0.0000000000,0.0000000000,6.3894413453,0.4459947600,34.7039087981,2.2163789795
UIO-66_v2_EQeq,0.1,0.04,0.01,0.0,0.01,0.84,0.0,0.0,,,,,,,,,,,,
UIO-66_v2_EQeq,0.1,0.04,0.01,0.0,0.02,0.83,0.0,0.0,,,,,,,,,,,,
UIO-66_v2_EQeq,0.1,0.04,0.01,0.0,0.03,0.82,0.0,0.0,,,,,,,,,,,,
UIO-66_v2_EQeq,0.1,0.04,0.01,0.01,0.0,0.84,1.0174830344,0.0502370241,28.1441314287,0.6934843844,0.0004621209,0.0002554469,0.1903146630,0.0237900423,0.0000000000,0.0000000000,6.0003862042,0.3784508780,35.3527774512,1.1462177757
UIO-66_v2_EQeq,0.1,0.04,0.01,0.01,0.01,0.83,0.0,0.0,,,,,,,,,,,,
UIO-66_v2_EQeq,0.1,0.04,0.01,0.01,0.02,0.82,0.0,0.0,,,,,,,,,,,,
UIO-66_v2_EQeq,0.1,0.04,0.01,0.01,0.03,0.8099999999999999,0.0,0.0,,,,,,,,,,,,
UIO-66_v2_EQeq,0.1,0.04,0.01,0.02,0.0,0.83,0.9966993617,0.0350303883,27.7713586928,1.5153018241,0.0008279666,0.0005108939,0.3686771974,0.0276056611,0.0000000000,0.0000000000,6.0699558993,0.3251722496,35.2075191178,1.9036210170
UIO-66_v2_EQeq,0.1,0.04,0.01,0.02,0.01,0.82,0.0,0.0,,,,,,,,,,,,
UIO-66_v2_EQeq,0.1,0.0,0.0,0.02,0.01,0.87,0.0,0.0,,,,,,,,,,,,
UIO-66_v2_EQeq,0.1,0.04,0.01,0.02,0.02,0.81,0.0,0.0,,,,,,,,,,,,
UIO-66_v2_EQeq,0.1,0.04,0.01,0.02,0.03,0.8,0.0,0.0,,,,,,,,,,,,
UIO-66_v2_EQeq,0.1,0.04,0.01,0.03,0.0,0.82,0.9915034435,0.0556705347,27.0451452908,1.8775950048,0.0006161612,0.0005659802,0.5660405517,0.0284269883,0.0000000000,0.0000000000,5.8944262070,0.3897666763,34.4977316542,2.3520251843
UIO-66_v2_EQeq,0.1,0.04,0.01,0.03,0.01,0.8099999999999999,0.0,0.0,,,,,,,,,,,,
UIO-66_v2_EQeq,0.1,0.04,0.01,0.03,0.02,0.8,0.0,0.0,,,,,,,,,,,,
UIO-66_v2_EQeq,0.1,0.04,0.01,0.03,0.03,0.79,0.0,0.0,,,,,,,,,,,,
UIO-66_v2_EQeq,0.1,0.04,0.02,0.0,0.0,0.84,1.0471303322,0.0484189798,27.4885221074,2.4703487746,0.0011745573,0.0008295324,0.0000000000,0.0000000000,0.0000000000,0.0000000000,6.2797352876,0.6011812026,34.8165622845,3.1207784894
UIO-66_v2_EQeq,0.1,0.04,0.02,0.0,0.01,0.83,0.0,0.0,,,,,,,,,,,,
UIO-66_v2_EQeq,0.1,0.04,0.02,0.0,0.02,0.8200000000000001,0.0,0.0,,,,,,,,,,,,
UIO-66_v2_EQeq,0.1,0.04,0.02,0.0,0.03,0.81,0.0,0.0,,,,,,,,,,,,
